"KOHMCD","OYAHMCD"
"01350-63652-1","01350-63652"
"01350-63822-1","01350-63822"
"063409003","218500180"
"063409003","218500210"
"063409003","218500270"
"06700-64010-S","06700-64010"
"06700-64011-S","06700-64011"
"06700-64170-S","06700-64170"
"11133-33E00","11131-33E00-000"
"123912-39070","123912-39080"
"123912-39900","123912-39080"
"1729-508-240-0C-S","1729-508-240-0C"
"1729-508-250-0E-S","1729-508-250-0E"
"1729-508-250-1F-S","1729-508-250-1F"
"1729-508-250-2G-S","1729-508-250-2G"
"1729-508-300-0B-S","1729-508-300-0B"
"1731-508-230-0B-S","1731-508-230-0B"
"1731-508-230-1C-S","1731-508-230-1C"
"1734-508-210-0B-S","1734-508-210-0B"
"1734-508-290-1B-S","1734-508-290-1B"
"1736-508-210-0B-S","1736-508-210-0B"
"1742-508-250-0B-S","1742-508-250-0B"
"1742-508-270-0B-1","1742-508-270-0B"
"1742-508-310-0D-S","1742-508-310-0D"
"1744-508-240-0D-S","1744-508-240-0D"
"1744-508-240-0D-S","1744-508-240-0E"
"1745-508-220-0B-S","1745-508-220-0B"
"1745-508-220-1C-S","1745-508-220-1C"
"1746-508-210-0-S","1746-508-210-0"
"1754-508-230-0A-S","1754-508-230-0A"
"1772-508-220-0-S","1772-508-220-0"
"1773-508-240-0C-S","1773-508-240-0C"
"1773-508-250-0B-S","1773-508-250-0B"
"1773-508-270-0-S","1773-508-270-0"
"1773-508-280-0-S","1773-508-280-0"
"1773-508-280-0-S","1773-508-280-0A"
"177360-07680-6","177360-07680"
"177360-07690-6","177360-07690"
"198133-46612-49","1A7780-46730-49"
"198133-46642-49","1A7780-46730-49"
"198133-46662-49","1A7780-46730-49"
"198133-46682-49","1A7780-46730-49"
"198280-46510","198280-46502-49"
"198280-46510","198280-46501-49"
"198280-46510","198280-46500"
"198280-46510-13","198280-46502-13"
"198280-46560","198280-46500"
"198280-46560","198280-46501-49"
"198280-46560","198280-46502-49"
"198280-46560-13","198280-46502-13"
"198280-46610","198280-46500"
"198280-46611","198280-46502-49"
"198280-46611","198280-46501-49"
"198280-46611-13","198280-46502-13"
"198280-46660","198280-46500"
"198280-46660","198280-46502-49"
"198280-46660","198280-46501-49"
"198280-46660-13","198280-46502-13"
"198280-46711","198280-46502-13"
"198280-46711","198280-46501-49"
"198280-46711","198280-46502-49"
"198280-46711","198280-46500"
"198280-46750","198280-46500"
"198280-46750","198280-46501-49"
"198280-46750","198280-46502-13"
"198280-46750","198280-46502-49"
"198280-46750","198287-46500"
"198280-46750","198287-46501-13"
"198280-46750","198287-46501-49"
"198287-46510","198287-46500"
"198287-46510","198287-46501-49"
"198287-46510-13","198287-46501-13"
"198287-46610","198287-46501-49"
"198287-46610","198287-46500"
"198287-46610-13","198287-46501-13"
"1A7500-48610","1A7500-48600"
"1A7500-48611","1A7500-48603-12"
"1A7500-48611","1A7500-48602-12"
"1A7500-48611","1A7500-48601-12"
"1A7500-48630","1A7500-48600"
"1A7500-48631","1A7500-48602-12"
"1A7500-48631","1A7500-48603-12"
"1A7500-48631","1A7500-48601-12"
"1A7500-48650","1A7500-48600"
"1A7500-48651","1A7500-48601-12"
"1A7500-48652","1A7500-48603-12"
"1A7500-48652","1A7500-48602-12"
"1A7500-48670","1A7500-48600"
"1A7500-48670","1A7500-48601-12"
"1A7500-48670","1A7500-48603-12"
"1A7500-48670","1A7500-48602-12"
"1A7500-48760","1A7500-48600"
"1A7500-48760","1A7500-48601-12"
"1A7500-48760","1A7500-48602-12"
"1A7500-48760","1A7500-48603-12"
"1A7510-48510","1A7510-48500-49"
"1A7510-48510","1A7510-48501-49"
"1A7510-48510","1A7510-48500-12"
"1A7510-48530","1A7510-48500-12"
"1A7510-48530","1A7510-48501-49"
"1A7510-48530","1A7510-48500-49"
"1A7510-48550","1A7510-48501-49"
"1A7510-48550","1A7510-48500-12"
"1A7510-48550","1A7510-48500-49"
"1A7510-48570","1A7510-48500-49"
"1A7510-48570","1A7510-48501-49"
"1A7510-48570","1A7510-48500-12"
"1A7510-48610","1A7510-48600"
"1A7510-48610","1A7510-48601"
"1A7510-48630","1A7510-48601"
"1A7510-48630","1A7510-48600"
"1A7510-48650","1A7510-48601"
"1A7510-48650","1A7510-48600"
"1A7510-48670","1A7510-48600"
"1A7510-48670","1A7510-48601"
"1A7510-48750","1A7510-48500-12"
"1A7510-48750","1A7510-48500-49"
"1A7510-48750","1A7520-48600-12"
"1A7510-48750","1A7520-48500-49"
"1A7510-48750","1A7510-48501-49"
"1A7510-48750","1A7510-48600"
"1A7510-48750","1A7510-48601"
"1A7520-48510","1A7520-48500-49"
"1A7520-48530","1A7520-48500-49"
"1A7520-48550","1A7520-48500-49"
"1A7520-48570","1A7520-48500-49"
"1A7520-48610","1A7520-48600-12"
"1A7520-48630","1A7520-48600-12"
"1A7520-48650","1A7520-48600-12"
"1A7520-48670","1A7520-48600-12"
"1A7530-48610","1A8300-48600-12"
"1A7530-48610","1A7530-48601"
"1A7530-48610","1A7530-48600"
"1A7530-48620","1A8300-48600-12"
"1A7530-48620","1A7530-48601"
"1A7530-48620","1A7530-48600"
"1A7530-48630","1A7530-48601"
"1A7530-48630","1A8300-48600-12"
"1A7530-48630","1A7530-48600"
"1A7530-48640","1A7530-48600"
"1A7530-48640","1A7530-48601"
"1A7530-48640","1A8300-48600-12"
"1A7530-48760","1A7530-48600"
"1A7530-48760","1A7530-48601"
"1A7530-48760","1A7531-48600-12"
"1A7530-48760","1A8300-48600-12"
"1A7531-48610","1A7531-48600-12"
"1A7531-48630","1A7531-48600-12"
"1A7531-48650","1A7531-48600-12"
"1A7531-48670","1A7531-48600-12"
"1A8060-49500-1","1A8060-49500-13"
"1A8060-49500-2","1A8060-49500-13"
"1A8060-49520","1A8060-49500-13"
"1A8060-49530","1A8060-49500-13"
"1A8060-49570","1A8060-49500-13"
"218500180-1","218500180"
"218500210-1","218500210"
"218500270-1","218500270"
"28L31-00701-6","28L31-00701"
"2A205-21541-1","2A205-21541"
"2A205-23121-1","2A205-23121"
"2A205-33111-1","2A205-33111"
"2A205-40571-1","2A205-40571"
"2A205-40591-1","2A205-40591"
"2A205-63221-1","2A205-63221"
"2A205-63541-1","2A205-63541"
"2A205-84241-1","2A205-84241"
"2A205-84251-1","2A205-84251"
"2A205-84261-1","2A205-84261"
"2A245-27641-S","2A245-27641"
"2A245-27661-1","2A245-27661"
"2A245-63221-S","2A245-63221"
"2A245-67561-1","2A245-67561"
"2A245-67571-1","2A245-67571"
"2A245-67581-1","2A245-67581"
"2A245-82721-S","2A245-82721"
"2A245-84281-1","2A245-84281"
"2A505-33111-1","2A505-33111"
"31321-38243-S","31321-38243"
"31321-38243-S","31321-38244"
"31321-38243-S","31321-38245"
"31341-38244-S","31341-38245"
"31341-38244-S","31341-38244"
"31341-38244-S","31341-38246"
"31351-38212-S","31351-38212"
"31351-38212-S","31351-38213"
"31351-38212-S","31351-38214"
"31351-38243-S","31351-38243"
"31361-38241-S","31361-38243"
"31361-38241-S","31361-38241"
"31361-38241-S","31361-38242"
"31391-46362-S","31391-46362"
"32400-16721-1","32400-16721"
"32400-16761-1","32400-16761"
"32420-37553-1","32420-37553"
"32420-38243-S","32420-38243"
"32420-38243-S","32420-38244"
"32420-72151-S","32420-72153"
"32420-72151-S","32420-72151"
"32420-72151-S","32420-72152"
"32420-72213-1","32420-72213"
"32420-72261-1","32420-72261"
"32420-72281-S","32420-72281"
"32430-37553-1","32430-37553"
"32430-38213-S","32430-38215"
"32430-38213-S","32430-38213"
"32430-38213-S","32430-38214"
"32430-38243-S","32430-38243"
"32430-38243-S","32430-38244"
"32430-38243-S","32430-38245"
"32430-72212-1","32430-72212"
"32439-37553-1","32439-37553"
"32510-38182-S","32510-38182"
"32530-38181-S","32530-38181"
"32530-38384-1","32530-38384"
"32530-38424-1","32530-38424"
"32530-38434-1","32530-38434"
"32540-39471-S","32540-39471"
"32540-39481-S","32540-39481"
"32550-38153-S","32550-38153"
"32550-38183-S","32550-38184"
"32550-38183-S","32550-38183"
"32550-38183-S","32550-38185"
"32550-39482-S","32550-39482"
"32701-37201-S","32701-37203"
"32701-37201-S","32701-37202"
"32701-37201-S","32701-37201"
"32701-37302-S","32701-37302"
"32721-39214-S","32721-39214"
"32721-39214-S","32721-39215"
"32721-39223-1","32721-39223"
"32721-39223-1","32721-39224"
"32721-39313-1F","32721-39313"
"32721-39313-1F","32721-39314"
"32721-39315-1F","32721-39315"
"32721-39322-S","32721-39323"
"32721-39322-S","32721-39322"
"32721-39352-S","32721-39353"
"32721-39352-S","32721-39352"
"32721-39362-S","32721-39363"
"32721-39362-S","32721-39362"
"32721-58712-S","32721-58713"
"32721-58712-S","32721-58714"
"32721-58712-S","32721-58712"
"32741-39211-S","32741-39211"
"32741-39212-S","32741-39212"
"32741-39321-S","32741-39321"
"32741-39621-1","32741-39621"
"32751-33412-S","32751-33412"
"32751-33412-S","32751-33413"
"32751-33425-S","32751-33425"
"32751-33425-S","32751-33426"
"32771-21111-S","32771-21111"
"32771-21132-1","32771-21132"
"32771-33421-1","32771-33421"
"32771-33433-S","32771-33453"
"32771-33433-S","32771-33452"
"32771-33433-S","32771-33433"
"32771-33492-1","32771-33492"
"32771-33523-S","32771-33523"
"32771-33533-S","32771-33533"
"32771-33561-1","32771-33561"
"32771-33572","32771-33551"
"32771-33572","32771-33552"
"32771-33582-S","32771-33582"
"32771-33662","32791-33593"
"32771-33662","32781-33595"
"32771-33662","32771-33453"
"32771-33662","32781-33454"
"32771-33662","32791-33452"
"32771-33672","32771-33552"
"32771-33672","32791-33552"
"32771-33672","32821-33552"
"32771-33672","32781-33554"
"32771-33751-1","32771-33751"
"32781-33411-S","32781-33411"
"32781-33412-S","32781-33412"
"32781-33423-S","32781-33454"
"32781-33423-S","32781-33453"
"32781-33423-S","32781-33423"
"32781-33531-S","32781-33531"
"32781-33532-S","32781-33532"
"32781-33533-S","32781-33533"
"32781-33572","32781-33551"
"32781-33572","32781-33552"
"32781-33572-S","32781-33572"
"32781-33573","32781-33554"
"32781-33573-S","32781-33573"
"32781-33573-S","32781-33553"
"32781-33584-S","32781-33595"
"32781-33584-S","32781-33594"
"32781-56113-S","32781-56114"
"32781-56113-S","32781-56113"
"32781-56131-1","32781-56131"
"32791-33411-S","32791-33411"
"32791-33412-S","32791-33412"
"32791-33421-S","32791-33421"
"32791-33421-S","32791-33451"
"32791-33421-S","32791-33452"
"32791-33531-S","32791-33531"
"32791-33532-S","32791-33532"
"32791-33533-S","32791-33533"
"32791-33571","32791-33552"
"32791-33571-S","32791-33571"
"32791-33571-S","32791-33551"
"32791-33581-S","32791-33591"
"32791-33582-S","32791-33592"
"32791-33582-S","32791-33593"
"32791-56141-S","32791-56141"
"32791-56142-S","32791-56142"
"32791-56143-S","32791-56143"
"32801-33411-S","32801-33411"
"32801-33412-S","32801-33412"
"32801-33531-S","32801-33531"
"32801-33532-S","32801-33532"
"32801-56141-1","32801-56141"
"32801-56142-1","32801-56142"
"32821-33411-S","32821-33411"
"32821-33412-S","32821-33412"
"32821-33531-S","32821-33531"
"32821-33571-S","32821-33551"
"32821-33571-S","32821-33552"
"32821-56141-S","32821-56141"
"32822-33411-S","32822-33411"
"32822-33412-S","32822-33412"
"32822-33531-S","32822-33531"
"33620-82771","33620-82891"
"33660-82744","33660-82852"
"33690-94832-1","33690-94832"
"33690-94892-1","33690-94892"
"33740-82744","33740-82853"
"33740-82771","33740-82891"
"33860-82772","33860-82891"
"33960-63401","33960-63301"
"33984-82772","33984-82891"
"34030-33415-S","34030-33401"
"34030-33415-S","34030-33402"
"34030-33415-S","34030-33415"
"34030-33415-S","34030-33416"
"34036-66574-S","34036-66574"
"34046-67651-S","34046-67651"
"34050-33425-S","34050-33426"
"34050-33425-S","34050-33425"
"340551730-A","340551730"
"34056-66533-S","34056-66533"
"34070-33415","34070-33401"
"34070-33415-S","34070-33416"
"34070-33415-S","34070-33415"
"34070-33416","34070-33402"
"34070-33425-S","HT020-33421"
"34070-33425-S","34070-33426"
"34070-33425-S","34070-33425"
"340700560-1","340700560"
"340700610-K","340700630"
"340700620-S","340700620"
"340700740-S","340700740"
"340700750-S","340700750"
"340700770-S","340700770"
"340700780-S","340700780"
"340700800-S","340700800"
"340700810-S","340700810"
"340700830-S","340700830"
"340700840-S","340700840"
"340700980-S","340700980"
"340700990-S","340700990"
"340701010-S","340701010"
"340701020-S","340701020"
"340701040-S","340701040"
"340701050-S","340701050"
"340701070-S","340701070"
"340701080-S","340701080"
"340701100-S","340701100"
"340701130-1","340701130"
"340701160-1","340701160"
"340702241-S","340702241"
"340702261-S","340702261"
"340702271-S","340702271"
"340702281-S","340702281"
"340702301-S","340702301"
"340702320-AA","340702320"
"340702340-AA","340702340"
"340702360-AA","340702360"
"340703430-S","340703430"
"340708600-S","340708600"
"340708790-1","340708790"
"340708800-1","340708800"
"340708810-1","340708810"
"340709050-S","340709051"
"340709050-S","340709050"
"340709060-S","340709060"
"340709060-S","340709061"
"34076-66533-S","34076-66533"
"34076-66574-S","34076-66574"
"34520-33422-S","34520-33422"
"34520-33422-S","34520-33423"
"34520-66531-S","34520-66531"
"34530-33413-S","34530-33414"
"34530-33413-S","34530-33413"
"34530-33423-S","34530-33423"
"34530-33423-S","34530-33424"
"34530-66531-S","34530-66531"
"34550-33413-S","34550-33413"
"34550-33413-S","34550-33414"
"34550-33422-S","34550-33422"
"34550-33422-S","34550-33423"
"34550-66531-S","34550-66531"
"34550-66571-S","34550-66571"
"34550-66571-S","34550-66573"
"34550-66571-S","34550-66572"
"34555-69933-1","34555-69933"
"34670-38212-S","34670-38553"
"34670-38212-S","34670-38552"
"34670-38212-S","34670-38213"
"34680-38211","34680-38551"
"34680-38211-S","34680-38211"
"34690-38211","34690-38551"
"34690-38211-S","34690-38211"
"35060-72262-1F","35060-72264"
"35060-72262-1F","35060-72263"
"35060-72262-1F","35060-72262"
"35370-16722-S","35370-16722"
"35574-63391-1","35574-63392"
"35592-63272-S","35592-63272"
"35592-63281-S","35592-63282"
"35593-63372-1","35593-63373"
"35593-63542","35593-63543"
"35B36-23100-S","35B36-23100"
"35B36-53500-S","35B36-53501"
"35B36-53500-S","35B36-53500"
"35B62-22912","35B62-33200"
"35B62-33200-S","35B62-33200"
"35B98-48830-S","35B98-48830"
"36236-44812","35B36-23100"
"36454-K3111-S","K3111-98342"
"36454-K3111-S","K3111-98343"
"36454-K3111-S","K3111-36454"
"36790-40142-1","36790-40143"
"36790-48712-1","36790-48712"
"36790-48732-1","36790-48732"
"37500-75752-S","37500-75752"
"38010-38241-S","38010-38241"
"38240-45201-S","38240-45202"
"38240-45201-S","38240-45201"
"38240-45201-S","38240-45203"
"38775-36380-B","38775-3638"
"38775-36380-B","38775-3638-2"
"38775-3923-A","38775-3923"
"38775-3964A","38775-3964"
"38775-43460-B","38775-4346"
"3A011-27603-S","3A011-27603"
"3A011-63232-S","3A011-63232"
"3A011-63233-S","3A011-63233"
"3A011-82733","3A011-82702"
"3A011-82733-S","3A011-82733"
"3A011-82762-1","3A011-82762"
"3A012-27601-S","3A012-27601"
"3A012-63232-S","3A012-63232"
"3A012-63233-S","3A012-63233"
"3A031-63232-S","3A031-63232"
"3A031-63233-S","3A031-63233"
"3A031-82733-S","3A031-82702"
"3A031-82733-S","3A031-82733"
"3A051-23861-1","3A051-23861"
"3A061-18101-S","3A061-18101"
"3A061-18111-S","3A061-18111"
"3A061-18111-S","3A061-18241"
"3A071-18101-S","3A071-18101"
"3A071-18111-1","3A071-18111"
"3A071-18111-1","3A071-18271"
"3A071-18131-1","3A071-18131"
"3A071-18141-1","3A071-18141"
"3A071-18211-1","3A071-18211"
"3A071-23831-1","3A071-23831"
"3A071-23831-1","3A071-23841"
"3A091-18282-S","3A091-18282"
"3A091-23861-1","3A091-23861"
"3A091-27601-S","3A091-27601"
"3A091-27642-S","3A091-27642"
"3A091-27643-S","3A091-27643"
"3A091-27644-S","3A091-27644"
"3A091-82762-1","3A091-82762"
"3A091-82763-1","3A091-82763"
"3A111-27601-S","3A111-27601"
"3A111-63234-S","3A111-63234"
"3A111-63235-S","3A111-63235"
"3A111-82371-S","3A111-82371"
"3A111-82372-S","3A111-82372"
"3A111-82732-S","3A111-82732"
"3A131-63233-S","3A131-63233"
"3A131-82732-S","3A131-82732"
"3A151-27601-S","3A151-27601"
"3A151-63233-S","3A151-63233"
"3A151-82732-S","3A151-82732"
"3A151-82763-1","3A151-82763"
"3A154-69321-S","3A154-69321"
"3A155-82761-1","3A155-82761"
"3A169-27601-1","3A169-27601"
"3A169-27641-S","3A169-27641"
"3A169-40591-S","3A169-40591"
"3A169-48711-1","3A169-48711"
"3A169-48712-1","3A169-48712"
"3A169-48721-1","3A169-48721"
"3A169-48722-1","3A169-48722"
"3A169-48731-1","3A169-48731"
"3A169-48732-1","3A169-48732"
"3A169-48741-1","3A169-48741"
"3A169-48742-1","3A169-48742"
"3A169-48751-S","3A169-48751"
"3A169-48761-S","3A169-48761"
"3A169-48791-S","3A169-48791"
"3A174-69331-S","3A174-69331"
"3A231-18101-S","3A231-18101"
"3A231-18112-S","3A231-18112"
"3A231-18131-S","3A231-18131"
"3A231-18141-1","3A231-18141"
"3A231-18142-1","3A231-18142"
"3A231-18212-1","3A231-18212"
"3A231-27602-S","3A231-27602"
"3A231-27603-S","3A231-27603"
"3A234-18101-S","3A234-18101"
"3A272-63231-S","3A272-63231"
"3A272-63232-S","3A272-63232"
"3A272-63233-S","3A272-63233"
"3A272-82731-S","3A272-82731"
"3A272-82731-S","3A272-82701"
"3A272-82732-S","3A272-82702"
"3A272-82732-S","3A272-82732"
"3A272-82761-1","3A272-82761"
"3A275-63231-S","3A275-63231"
"3A294-18281-S","3A294-18281"
"3A294-27601-S","3A294-27601"
"3A294-69311-S","3A294-69311"
"3A294-69321-1","3A294-69321"
"3A294-69322-1","3A294-69322"
"3A294-69323-1","3A294-69323"
"3A294-69331-S","3A294-69331"
"3A294-69332-S","3A294-69332"
"3A294-82761-S","3A294-82761"
"3A431-82372-S","3A431-82372"
"3A431-82381-S","3A431-82381"
"3A431-82761-1","3A431-82761"
"3A481-27601-S","3A481-27601"
"3A481-27602-S","3A481-27602"
"3A481-40581-1","3A481-40581"
"3A481-40592-1","3A481-40592"
"3A481-40602-1","3A481-40602"
"3A481-63231-S","3A481-63231"
"3A481-63231-S","3A481-63232"
"3A481-82371-S","3A481-82371"
"3A481-82381-S","3A481-82381"
"3A481-82731-S","3A481-82731"
"3A481-82761-1","3A481-82761"
"3A611-27641-1","3A611-27641"
"3A611-63232-S","3A611-63232"
"3A611-82731-S","3A611-82731"
"3A631-18111-S","3A631-18111"
"3A631-18121-1","3A631-18121"
"3A631-18141-1","3A631-18141"
"3A631-18211-1","3A631-18211"
"3A651-27602-S","3A651-27602"
"3A651-63231-S","3A651-63231"
"3A651-82731-S","3A651-82731"
"3A651-82761-1","3A651-82761"
"3A681-18211-1","3A681-18211"
"3A691-18101-S","3A691-18101"
"3A691-18211-1","3A691-18211"
"3A691-23813-S","3A691-23813"
"3A691-23861-1","3A691-23861"
"3A691-27641-S","3A691-27641"
"3A691-82761-1","3A691-82761"
"3A731-63231-S","3A731-63231"
"3A731-82731-S","3A731-82731"
"3A751-27603-S","3A751-27603"
"3A751-63231-S","3A751-63231"
"3A751-82731-S","3A751-82731"
"3A751-82761-1","3A751-82761"
"3A751-82762-1","3A751-82762"
"3A791-18211-1","3A791-18211"
"3A791-27641-1","3A791-27641"
"3A794-27601-S","3A794-27601"
"3A794-27602-S","3A794-27602"
"3A794-27641-1","3A794-27641"
"3A794-27642-1","3A794-27642"
"3A831-18101-S","3A831-18101"
"3A891-18281-S","3A891-18281"
"3B193-63231-S","3B193-63231"
"3B224-18281-S","3B224-18281"
"3B224-18282-S","3B224-18282"
"3B224-63231-S","3B224-63231"
"3B224-69311-S","3B224-69311"
"3B224-69321-S","3B224-69321"
"3B224-69322-S","3B224-69322"
"3B224-82741-S","3B224-82741"
"3B224-82742-S","3B224-82742"
"3B234-18281-S","3B234-18281"
"3B234-18282-S","3B234-18282"
"3B234-18322-S","3B234-18321"
"3B234-18322-S","3B234-18322"
"3B234-18323-S","3B234-18323"
"3B234-27601-S","3B234-27601"
"3B234-62271-S","3B234-62271"
"3B234-62272-S","3B234-62272"
"3B234-67551-S","3B234-67551"
"3B234-82731-S","3B234-82731"
"3B234-82732-S","3B234-82732"
"3B234-82733-S","3B234-82733"
"3B234-82851-S","3B234-82851"
"3B284-63231-S","3B284-63231"
"3B284-69311-S","3B284-69311"
"3B284-69321-S","3B284-69321"
"3B291-18281-S","3B291-18281"
"3B291-18282-S","3B291-18282"
"3B291-63231-S","3B291-63231"
"3B291-67551-S","3B291-67551"
"3B291-82731-S","3B291-82731"
"3B291-82732-S","3B291-82732"
"3B291-82851-S","3B291-82851"
"3B291-82852-S","3B291-82852"
"3B292-18281-S","3B292-18281"
"3B292-18282-S","3B292-18282"
"3B294-18281-S","3B294-18281"
"3B294-18282-S","3B294-18282"
"3B294-27601-S","3B294-27601"
"3B294-27602-S","3B294-27602"
"3B294-62241-S","3B294-62241"
"3B294-69311-S","3B294-69311"
"3B294-69321-S","3B294-69321"
"3B294-82741-S","3B294-82741"
"3B295-18281-S","3B295-18281"
"3B384-63231-S","3B384-63231"
"3B391-27601-S","3B391-27601"
"3B391-63231-S","3B391-63231"
"3B394-18271-S","3B394-18271"
"3B394-18321-S","3B394-18321"
"3B394-63231-S","3B394-63231"
"3B394-82731-S","3B394-82731"
"3B441-18151-S","3B441-18151"
"3B441-27601-S","3B441-27601"
"3B441-27681-S","3B441-27681"
"3B441-62251-S","3B441-62251"
"3B441-67551-S","3B441-67551"
"3B444-63231-1","3B444-63231"
"3B461-62252-S","3B461-62252"
"3B481-18281-S","3B481-18281"
"3B481-63231-S","3B481-63231"
"3B481-63232-S","3B481-63232"
"3B481-67551-S","3B481-67551"
"3B481-82731-S","3B481-82731"
"3B482-23871-S","3B482-23871"
"3B482-23873-S","3B482-23873"
"3B484-18271-S","3B484-18271"
"3B484-18272-S","3B484-18272"
"3B484-18273-S","3B484-18273"
"3B484-18274-S","3B484-18274"
"3B484-18275-S","3B484-18275"
"3B484-27601-S","3B484-27601"
"3B484-62251-S","3B484-62251"
"3B724-69311-S","3B724-69311"
"3B724-69321-S","3B724-69321"
"3B731-18281-S","3B731-18281"
"3B731-18282-S","3B731-18282"
"3B731-27601-S","3B731-27601"
"3B731-63231-S","3B731-63231"
"3B734-18281-S","3B734-18281"
"3B734-18282-S","3B734-18282"
"3B734-18331-S","3B734-18331"
"3B734-18332-S","3B734-18332"
"3B734-23871-S","3B734-23871"
"3B734-23881-S","3B734-23881"
"3B734-27601-S","3B734-27601"
"3B734-27602-S","3B734-27602"
"3B734-62271-S","3B734-62271"
"3B774-63231-S","3B774-63231"
"3B784-27601-S","3B784-27601"
"3B784-63231-S","3B784-63231"
"3B784-69311-S","3B784-69311"
"3B784-69321-S","3B784-69321"
"3B791-18281-S","3B791-18281"
"3B791-18282-S","3B791-18282"
"3B791-63231-S","3B791-63231"
"3B792-18281-S","3B792-18281"
"3B792-18282-S","3B792-18282"
"3B794-18271-S","3B794-18271"
"3B794-18281-S","3B794-18281"
"3B794-18282-S","3B794-18282"
"3B794-63231-S","3B794-63231"
"3B824-27692-S","3B824-27692"
"3B824-45531-S","3B824-45531"
"3B824-45532-S","3B824-45532"
"3B824-45551-S","3B824-45551"
"3B824-45561-S","3B824-45561"
"3B844-27601-S","3B844-27601"
"3B844-27602-S","3B844-27602"
"3B844-27681-S","3B844-27681"
"3B844-69331-S","3B844-69331"
"3B844-69332-S","3B844-69332"
"3B861-62251-S","3B861-62251"
"3B864-18281-S","3B864-18281"
"3B864-18282-S","3B864-18282"
"3B864-18283-S","3B864-18283"
"3B874-69311-S","3B874-69311"
"3B874-69321-S","3B874-69321"
"3B881-18271-S","3B881-18271"
"3B881-18281-S","3B881-18281"
"3B881-18321-1","3B881-18321"
"3B881-18323-1","3B881-18323"
"3B881-63231-S","3B881-63231"
"3B882-23871-S","3B882-23871"
"3B884-18321-1","3B884-18321"
"3B884-18322-1","3B884-18322"
"3B884-27601-S","3B884-27601"
"3B884-27602-S","3B884-27602"
"3B884-62251-S","3B884-62251"
"3B884-62252-S","3B884-62252"
"3B884-69311-S","3B884-69311"
"3B884-69321-S","3B884-69321"
"3B884-69331-S","3B884-69331"
"3B884-69332-S","3B884-69332"
"3C001-18281-S","3C001-18281"
"3C001-23861-S","3C001-23861"
"3C001-23862-S","3C001-23862"
"3C001-27601-S","3C001-27601"
"3C001-27602-S","3C001-27602"
"3C001-62251-S","3C001-62251"
"3C001-62252-S","3C001-62252"
"3C001-63231-S","3C001-63231"
"3C001-63232-S","3C001-63232"
"3C001-63233-S","3C001-63233"
"3C001-82741-1","3C001-82741"
"3C002-18281-S","3C002-18281"
"3C002-18282-S","3C002-18282"
"3C002-62251-S","3C002-62251"
"3C002-62252-S","3C002-62252"
"3C002-82731-S","3C002-82731"
"3C002-82741-1","3C002-82741"
"3C011-18281-S","3C011-18281"
"3C011-18283-2","3C049-18281"
"3C011-18283-S","3C011-18283"
"3C011-62251-S","3C011-62251"
"3C012-18281-S","3C012-18281"
"3C012-18283-S","3C012-18283"
"3C012-62251-S","3C012-62251"
"3C012-62252-S","3C012-62252"
"3C081-27601-S","3C081-27601"
"3C081-63231-S","3C081-63231"
"3C081-63232-S","3C081-63232"
"3C081-63233-S","3C081-63233"
"3C081-63234-S","3C081-63234"
"3C081-67551-S","3C081-67551"
"3C081-67561-S","3C081-67561"
"3C081-67562-S","3C081-67562"
"3C081-82741-1","3C081-82741"
"3C081-82742-1","3C081-82742"
"3C081-82743-1","3C081-82743"
"3C081-82744-1","3C081-82744"
"3C082-82731-S","3C082-82731"
"3C082-82732-S","3C082-82732"
"3C082-82741-1","3C082-82741"
"3C085-82731-S","3C085-82731"
"3C085-82732-S","3C085-82732"
"3C085-82741-1","3C085-82741"
"3C091-27671-S","3C091-27671"
"3C091-67561-S","3C091-67561"
"3C111-18281-S","3C111-18282"
"3C111-18281-S","3C111-18281"
"3C111-27601-S","3C111-27601"
"3C111-62251-S","3C111-62251"
"3C111-62252-S","3C111-62252"
"3C131-27601-S","3C131-27601"
"3C131-62251-S","3C131-62251"
"3C131-63231-S","3C131-63231"
"3C131-63232-S","3C131-63232"
"3C134-18281-S","3C134-18281"
"3C134-62251-S","3C134-62251"
"3C134-63231-S","3C134-63231"
"3C134-63232-S","3C134-63232"
"3C134-67551-S","3C134-67551"
"3C134-69311-S","3C134-69311"
"3C134-82741-1","3C134-82741"
"3C134-82742-1","3C134-82742"
"3C141-18281-S","3C141-18281"
"3C141-82741-S","3C141-82741"
"3C151-18281-S","3C151-18281"
"3C151-27601-S","3C151-27601"
"3C151-62251-S","3C151-62251"
"3C151-62252-S","3C151-62252"
"3C151-62253-S","3C151-62253"
"3C151-62254-S","3C151-62254"
"3C151-62255-S","3C151-62255"
"3C151-63231-S","3C151-63231"
"3C151-63232-S","3C151-63232"
"3C151-63233-S","3C151-63233"
"3C151-67551-S","3C151-67551"
"3C151-67552-S","3C151-67552"
"3C152-27601-S","3C152-27601"
"3C152-27602-S","3C152-27602"
"3C154-63231-1","3C154-63231"
"3C154-63232-1","3C154-63232"
"3C154-63233-1","3C154-63233"
"3C154-63234-1","3C154-63234"
"3C154-63235-1","3C154-63235"
"3C154-69331-S","3C154-69331"
"3C154-82731-S","3C154-82731"
"3C154-82732-S","3C154-82732"
"3C154-82741-S","3C154-82741"
"3C174-18281-S","3C174-18281"
"3C174-69311-S","3C174-69311"
"3C199-18281-S","3C199-18281"
"3C254-27601-S","3C254-27601"
"3C254-62251-S","3C254-62251"
"3C254-62252-S","3C254-62252"
"3C254-62253-S","3C254-62253"
"3C254-63231-S","3C254-63231"
"3C254-63232-S","3C254-63232"
"3C254-63233-S","3C254-63233"
"3C254-67551-S","3C254-67551"
"3C254-67552-S","3C254-67552"
"3C264-69311-S","3C264-69311"
"3C264-82741-S","3C264-82741"
"3C284-63231-1","3C284-63231"
"3C291-18281-S","3C291-18281"
"3C291-18282-S","3C291-18282"
"3C291-23861-S","3C291-23861"
"3C291-23862-S","3C291-23862"
"3C291-27601-S","3C291-27601"
"3C291-62251-1","3C291-62251"
"3C291-62252-S","3C291-62252"
"3C291-62253-S","3C291-62253"
"3C291-62254-S","3C291-62254"
"3C291-62255-S","3C291-62255"
"3C294-18281-S","3C294-18281"
"3C294-18283-S","3C294-18283"
"3C294-27601-S","3C294-27601"
"3C294-27602-S","3C294-27602"
"3C294-32961-1","3C294-32961"
"3C294-63231-S","3C294-63231"
"3C294-69311-S","3C294-69311"
"3C294-69312-S","3C294-69312"
"3C294-82751-1","3C294-82751"
"3C294-82752-1","3C294-82752"
"3C301-27601-S","3C301-27601"
"3C301-63231-S","3C301-63231"
"3C301-63232-S","3C301-63232"
"3C301-82731-S","3C301-82731"
"3C301-82732-S","3C301-82732"
"3C301-82742-1","3C301-82742"
"3C325-18281-S","3C325-18281"
"3C325-18282-S","3C325-18282"
"3C325-62251-S","3C325-62251"
"3C325-63231-S","3C325-63231"
"3C325-82731-S","3C325-82731"
"3C341-27602-S","3C341-27602"
"3C341-63232-S","3C341-63232"
"3C341-63233-S","3C341-63233"
"3C341-82731-S","3C341-82731"
"3C341-82732-S","3C341-82732"
"3C341-82741-1","3C341-82741"
"3C361-23861-S","3C361-23861"
"3C361-27601-S","3C361-27601"
"3C361-62251-S","3C361-62251"
"3C361-63231-S","3C361-63231"
"3C361-82741-1","3C361-82741"
"3C394-18281-S","3C394-18281"
"3C394-18282-S","3C394-18282"
"3C451-23861-S","3C451-23861"
"3C451-27601-S","3C451-27601"
"3C451-27602-S","3C451-27602"
"3C451-40581-S","3C451-40581"
"3C451-40611-S","3C451-40611"
"3C451-40612-S","3C451-40612"
"3C451-62252-S","3C451-62252"
"3C451-63231-S","3C451-63231"
"3C451-63232-S","3C451-63232"
"3C451-63233-S","3C451-63233"
"3C451-82731-S","3C451-82731"
"3C451-82732-S","3C451-82732"
"3C451-82733-S","3C451-82733"
"3C451-82734-S","3C451-82734"
"3C451-82735-S","3C451-82735"
"3C452-62251-S","3C452-62251"
"3C452-62252-S","3C452-62252"
"3C454-18281-S","3C454-18281"
"3C454-27601-S","3C454-27601"
"3C454-27602-S","3C454-27602"
"3C454-62251-S","3C454-62251"
"3C454-63231-1","3C454-63231"
"3C454-63233-S","3C454-63233"
"3C454-67551-S","3C454-67551"
"3C454-67552-S","3C454-67552"
"3C454-67553-S","3C454-67553"
"3C454-69311-S","3C454-69311"
"3C456-63231-S","3C456-63231"
"3C471-18281-S","3C471-18281"
"3C471-62252-S","3C471-62252"
"3C471-62253-S","3C471-62253"
"3C472-62231-S","3C472-62231"
"3C472-62232-S","3C472-62232"
"3C472-62251-S","3C472-62251"
"3C472-62251-S","3C472-62252"
"3C474-18281-S","3C474-18281"
"3C474-18282-S","3C474-18282"
"3C474-62252-S","3C474-62252"
"3C474-62253-S","3C474-62253"
"3C474-67551-S","3C474-67551"
"3C474-67552-S","3C474-67552"
"3C474-67553-S","3C474-67553"
"3C476-63231-S","3C476-63231"
"3C476-67551-S","3C476-67551"
"3C501-27601-S","3C501-27601"
"3C501-63231-S","3C501-63231"
"3C501-63232-S","3C501-63232"
"3C501-63241-1","3C501-63241"
"3C501-63242-1","3C501-63242"
"3C502-62261-1","3C502-62261"
"3C502-62271-1","3C502-62271"
"3C507-18281-S","3C507-18281"
"3C507-18282-S","3C507-18282"
"3C507-62261-1","3C507-62261"
"3C507-62262-1","3C507-62262"
"3C507-62271-1","3C507-62271"
"3C507-62272-1","3C507-62272"
"3C549-82731-S","3C549-82731"
"3C549-82732-S","3C549-82732"
"3C549-82733-S","3C549-82733"
"3C581-18281-S","3C581-18281"
"3C581-18282-S","3C581-18282"
"3C581-27601-S","3C581-27601"
"3C581-62251-1","3C581-62251"
"3C581-62261-S","3C581-62261"
"3C581-62262-1","3C581-62262"
"3C581-62263-1","3C581-62263"
"3C581-62271-1","3C581-62271"
"3C581-63231-S","3C581-63231"
"3C581-63232-S","3C581-63232"
"3C581-63233-S","3C581-63233"
"3C581-63234-S","3C581-63234"
"3C581-63241-1","3C581-63241"
"3C581-63242-1","3C581-63242"
"3C581-63243-1","3C581-63243"
"3C582-62271-1","3C582-62271"
"3C582-63241-1","3C582-63241"
"3C634-62271-S","3C634-62271"
"3C634-62272-S","3C634-62272"
"3C634-82741-S","3C634-82741"
"3C644-82731-S","3C644-82731"
"3C644-82741-S","3C644-82741"
"3C651-62271-S","3C651-62271"
"3C651-62272-S","3C651-62272"
"3C651-63231-S","3C651-63231"
"3C651-63232-S","3C651-63232"
"3C699-18281-S","3C699-18281"
"3C711-18281-S","3C711-18281"
"3C711-62251-1","3C711-62251"
"3C711-62252-1","3C711-62252"
"3C711-62253-1","3C711-62253"
"3C711-62261-1","3C711-62261"
"3C711-62271-1","3C711-62271"
"3C711-62272-1","3C711-62272"
"3C717-18281-S","3C717-18281"
"3C717-18282-S","3C717-18282"
"3C717-63241-1","3C717-63241"
"3C754-62271-1","3C754-62271"
"3C754-62272-1","3C754-62272"
"3C754-63231-S","3C754-63231"
"3C754-63232-S","3C754-63232"
"3C754-63241-1","3C754-63241"
"3C774-82731-S","3C774-82731"
"3C791-27601-S","3C791-27601"
"3C794-18281-S","3C794-18281"
"3C794-18283-S","3C794-18283"
"3C794-23871-S","3C794-23871"
"3C794-23872-S","3C794-23872"
"3C794-23873-S","3C794-23873"
"3C794-23881-S","3C794-23881"
"3C794-23882-S","3C794-23882"
"3C794-23883-S","3C794-23883"
"3C794-63231-S","3C794-63231"
"3C794-63232-S","3C794-63232"
"3C794-82751-1","3C794-82751"
"3C794-82752-1","3C794-82752"
"3C851-62261-1","3C851-62261"
"3C851-62262-1","3C851-62262"
"3C851-62271-1","3C851-62271"
"3C851-62272-1","3C851-62272"
"3C851-63241-1","3C851-63241"
"3C851-63243-1","3C851-63243"
"3C854-18282-S","3C854-18282"
"3C854-18283-S","3C854-18283"
"3C854-62271-1","3C854-62271"
"3C854-62272-1","3C854-62272"
"3C854-63242-1","3C854-63242"
"3C854-63243-1","3C854-63243"
"3C854-69311-S","3C854-69311"
"3C854-82731-S","3C854-82731"
"3C871-18281-S","3C871-18281"
"3C871-18282-S","3C871-18282"
"3C871-27601-S","3C871-27601"
"3C871-62251-1","3C871-62251"
"3C871-62252-1","3C871-62252"
"3C871-62261-1","3C871-62261"
"3C871-62262-1","3C871-62262"
"3C871-62271-1","3C871-62271"
"3C871-62272-1","3C871-62272"
"3C871-63231-S","3C871-63231"
"3C871-63232-S","3C871-63232"
"3C871-63233-S","3C871-63233"
"3C871-63241-1","3C871-63241"
"3C871-63242-1","3C871-63242"
"3C871-63243-1","3C871-63243"
"3C874-18282-S","3C874-18282"
"3C874-18283-S","3C874-18283"
"3C874-18284-S","3C874-18284"
"3C874-62261-1","3C874-62261"
"3C874-62271-1","3C874-62271"
"3C874-63231-S","3C874-63231"
"3C874-63232-S","3C874-63232"
"3C874-63241-1","3C874-63241"
"3C874-82731-S","3C874-82731"
"3C874-82732-S","3C874-82732"
"3D550-63541-S","3D550-63541"
"3D550-63561-S","3D550-63561"
"3D550-63562-S","3D550-63562"
"3D550-63651-S","3D550-63651"
"3D550-63671-S","3D550-63671"
"3D550-82731-S","3D550-82731"
"3D550-84241-S","3D550-84241"
"3D900-82731-S","3D900-82731"
"3D910-63521-S","3D910-63521"
"3D950-63541-S","3D950-63541"
"3D950-63571-S","3D950-63571"
"3D950-63611-S","3D950-63611"
"3D950-63612-S","3D950-63612"
"3D950-63671-S","3D950-63671"
"3D950-84241-S","3D950-84241"
"3D950-84242-S","3D950-84242"
"3D951-63521-S","3D951-63521"
"3E481-82731-S","3E481-82731"
"3E483-63262-S","3E483-63262"
"3E483-63271-1","3E483-63271"
"3E483-63272-1","3E483-63272"
"3E483-63281-1","3E483-63281"
"3E483-63282-1","3E483-63282"
"3F240-18122-1","3F240-18122"
"3F240-18122-1","3F240-18123"
"3F240-18132-1","3F240-18132"
"3F240-18132-1","3F240-18133"
"3F240-27612-1","3F240-27612"
"3F240-27613-1","3F240-27613"
"3F240-27613-1","3F240-27614"
"3F240-27622-1","3F240-27623"
"3F240-27622-1","3F240-27622"
"3F240-63241-S","3F240-63241"
"3F240-63241-S","3F240-63242"
"3F240-82741-1","3F240-82741"
"3F240-82741-1","3F240-82742"
"3F240-82891-1","3F240-82891"
"3F240-82891-1","3F240-82892"
"3F243-82891-1","3F243-82892"
"3F243-82891-1","3F243-82893"
"3F243-82991-S","3F243-82991"
"3F243-82991-S","3F243-82992"
"3F250-18111-1","3F250-18111"
"3F250-18111-1","3F250-18112"
"3F250-18141-1","3F250-18141"
"3F250-18141-1","3F250-18142"
"3F250-40591-1","3F250-40592"
"3F250-40591-1","3F250-40591"
"3F250-63241-S","3F250-63241"
"3F250-63241-S","3F250-63242"
"3F280-27621-1","3F280-27621"
"3F280-27622-1","3F280-27623"
"3F280-27622-1","3F280-27622"
"3F283-82892-1","3F283-82892"
"3F283-82892-1","3F283-82893"
"3F400-18121-1","3F400-18121"
"3F400-18131-1","3F400-18131"
"3F440-63241-S","3F440-63241"
"3F450-63241-S","3F450-63241"
"3F740-27612-1","3F740-27613"
"3F740-27612-1","3F740-27612"
"3F740-27622-1","3F740-27623"
"3F740-27622-1","3F740-27622"
"3F740-63243-S","3F740-63244"
"3F740-63243-S","3F740-63243"
"3F740-82741-1","3F740-82742"
"3F740-82741-1","3F740-82741"
"3F740-82773-1","3F740-82773"
"3F740-82773-1","3F740-82772"
"3F748-23144-1","3F748-23144"
"3F748-40595-1","3F748-40595"
"3F748-48751-1","3F748-48751"
"3F748-48751-1","3F748-48752"
"3F748-48762-1","3F748-48762"
"3F748-48762-1","3F748-48763"
"3F748-48764-1","3F748-48764"
"3F748-48765-1","3F748-48765"
"3F748-48812-1","3F748-48813"
"3F748-48812-1","3F748-48814"
"3F748-48842-1","3F748-48844"
"3F748-48842-1","3F748-48843"
"3F748-48852-1","3F748-48852"
"3F748-48852-1","3F748-48853"
"3F748-48883-1","3F748-48883"
"3F748-48883-1","3F748-48884"
"3F750-23271-1","3F750-23271"
"3F750-23271-1","3F750-23272"
"3F750-23273-1","3F750-23273"
"3F780-82771-1","3F780-82771"
"3F780-82772-1","3F780-82772"
"3F820-82742-1","3F820-82743"
"3F820-82742-1","3F820-82742"
"3F860-27612-1","3F860-27612"
"3F860-27613-1","3F860-27613"
"3F860-27622-1","3F860-27622"
"3F860-27623-1","3F860-27623"
"3F860-42742-1","3F860-42742"
"3F860-42742-1","3F860-42743"
"3F860-42744-1","3F860-42744"
"3F860-63244-S","3F860-63244"
"3F860-63244-S","3F860-63245"
"3F860-82743-1","3F860-82743"
"3F860-82743-1","3F860-82744"
"3F860-82892-1","3F860-82892"
"3F860-82892-1","3F860-82891"
"3G700-18102-S","3G700-18102"
"3G700-18102-S","3G700-18103"
"3G700-63232-S","3G700-63233"
"3G700-63232-S","3G700-63232"
"3G700-63234-S","3G700-63234"
"3G700-63242-1","3G700-63243"
"3G700-63242-1","3G700-63242"
"3G700-82733-S","3G700-82733"
"3G900-18114-1","3G900-18114"
"3G900-18115-1","3G900-18115"
"3G900-18121-1","3G900-18122"
"3G900-18121-1","3G900-18121"
"3G900-18131-1","3G900-18131"
"3G900-18131-1","3G900-18132"
"3G900-63233-1","3G900-63234"
"3G900-63233-1","3G900-63233"
"3G900-63242-1","3G900-63242"
"3G900-63242-1","3G900-63243"
"3G900-63244-1","3G900-63244"
"3G900-63513-1","3G900-63514"
"3G900-63513-1","3G900-63513"
"3G900-63522-1","3G900-63522"
"3G900-63522-1","3G900-63523"
"3G900-63541-1","3G900-63543"
"3G900-63541-1","3G900-63542"
"3G900-63544-1","3G900-63544"
"3G900-63612-7","3G900-63612"
"3G900-63612-7","3G900-63613"
"3G900-63613-1","3G900-63613"
"3G900-63613-1","3G900-63614"
"3G900-63614-7","3G900-63614"
"3G900-63615-1","3G900-63615"
"3G900-63615-S","3G900-63615"
"3G900-63616-1","3G900-63616"
"3G900-63616-S","3G900-63616"
"3G900-63622-1","3G900-63623"
"3G900-63622-1","3G900-63622"
"3G900-63624-1","3G900-63624"
"3G900-82261-1","3G900-82262"
"3G900-82261-1","3G900-82261"
"3G900-82263-1","3G900-82263"
"3G900-82264-1","3G900-82264"
"3G900-82851-1","3G900-82852"
"3G900-82851-1","3G900-82851"
"3G940-63541-1","3G940-63541"
"3G940-63621-1","3G940-63621"
"3K061-21961-1","3K061-21961"
"3K065-63231-S","3K065-63231"
"3K065-82731-S","3K065-82731"
"3K561-21961-S","3K561-21961"
"3L500-63231-1","3L500-63231"
"3L500-63521-1","3L500-63521"
"3L500-82731-S","3L500-82731"
"3L900-63542-1","3L900-63542"
"3L900-82051-S","3L900-82051"
"3L900-82061-S","3L900-82061"
"3L900-82731-S","3L900-82731"
"3L908-48711-1","3L908-48711"
"3L908-48721-1","3L908-48721"
"3L908-48731-1","3L908-48731"
"3L908-48741-1","3L908-48741"
"3M740-18111-1","3M740-18112"
"3M740-18111-1","3M740-18111"
"3M740-18121-1","3M740-18121"
"3M740-18131-1","3M740-18132"
"3M740-18131-1","3M740-18131"
"3M740-18141-1","3M740-18142"
"3M740-18141-1","3M740-18141"
"3M740-27611-1","3M740-27612"
"3M740-27611-1","3M740-27611"
"3M740-40591-1","3M740-40592"
"3M740-40591-1","3M740-40591"
"3M740-63241-S","3M740-63241"
"3M740-63241-S","3M740-63242"
"3M740-82741-1","3M740-82741"
"3M740-82741-1","3M740-82742"
"3M740-82891-1","3M740-82892"
"3M740-82891-1","3M740-82891"
"3M748-82891-1","3M748-82891"
"3M780-82891-1","3M780-82891"
"3M780-82891-1","3M780-82892"
"3M788-23141-1","3M788-23142"
"3M788-23141-1","3M788-23141"
"3M788-23143-1","3M788-23143"
"3M788-48761-1","3M788-48761"
"3M788-48761-1","3M788-48762"
"3M788-48763-1","3M788-48763"
"3M788-48811-1","3M788-48811"
"3M788-48811-1","3M788-48812"
"3M788-48841-1","3M788-48842"
"3M788-48841-1","3M788-48841"
"3M788-48851-1","3M788-48852"
"3M788-48851-1","3M788-48851"
"3M788-48881-1","3M788-48881"
"3M788-48881-1","3M788-48882"
"3M788-82891-1","3M788-82891"
"3M860-18111-1","3M860-18111"
"3M860-18111-1","3M860-18112"
"3M860-18121-1","3M860-18122"
"3M860-18121-1","3M860-18121"
"3M860-18131-1","3M860-18132"
"3M860-18131-1","3M860-18131"
"3M940-82991-S","3M940-82991"
"3N300-18111-1","3N300-18111"
"3N300-18112-1","3N300-18112"
"3N300-21531-1","3N300-21531"
"3N300-21541-1","3N300-21541"
"3N300-21542-1","3N300-21542"
"3N300-21543-1","3N300-21543"
"3N300-21561-1","3N300-21561"
"3N300-21562-1","3N300-21562"
"3N300-27641-1","3N300-27641"
"3N300-27642-1","3N300-27642"
"3N300-63221-1","3N300-63222"
"3N300-63221-1","3N300-63221"
"3N300-63541-1","3N300-63541"
"3N300-82741-1","3N300-82741"
"3N300-82771-1","3N300-82771"
"3N300-82772-1","3N300-82772"
"3N300-82773-1","3N300-82773"
"3N303-69311-S","3N303-69311"
"3N303-69321-1","3N303-69321"
"3N303-69331-S","3N303-69331"
"3N303-82741-S","3N303-82741"
"3N320-23161-1","3N320-23161"
"3N320-23171-1","3N320-23171"
"3N320-24841-1","3N320-24841"
"3N320-24842-1","3N320-24842"
"3N320-63541-1","3N320-63541"
"3N320-63542-1","3N320-63542"
"3N330-82741-1","3N330-82741"
"3N330-82742-1","3N330-82742"
"3N340-21531-1","3N340-21531"
"3N340-63221-1","3N340-63221"
"3N600-18111-1","3N600-18111"
"3N600-18112-1","3N600-18112"
"3N603-18111-1","3N603-18111"
"3N603-18112-1","3N603-18112"
"3N603-40581-1","3N603-40581"
"3N603-40582-1","3N603-40582"
"3N603-40591-1","3N603-40591"
"3N603-40592-1","3N603-40592"
"3N603-69321-1","3N603-69321"
"3N603-69331-1","3N603-69331"
"3N603-82741-1","3N603-82741"
"3N800-18111-S","3N800-18111"
"3N800-18112-S","3N800-18112"
"3N800-21531-1","3N800-21531"
"3N800-21532-1","3N800-21532"
"3N840-18112-S","3N840-18112"
"3P200-27651-1","3P200-27651"
"3P200-63201-1","3P200-63201"
"3P200-63241-1","3P200-63241"
"3P200-63242-1","3P200-63242"
"3P211-27651-1","3P211-27651"
"3P280-40591-1","3P280-40591"
"3P280-48761-1","3P280-48761"
"3P280-48811-1","3P280-48811"
"3P280-48841-1","3P280-48841"
"3P280-48842-1","3P280-48842"
"3P280-48851-1","3P280-48851"
"3P280-48852-1","3P280-48852"
"3P280-48881-1","3P280-48881"
"3P280-48882-1","3P280-48882"
"3P280-48883-1","3P280-48883"
"3P300-23121-1","3P300-23121"
"3P300-23121-S","3P300-23122"
"3P300-27641-1","3P300-27641"
"3P300-27651-1","3P300-27651"
"3P300-40591-1","3P300-40591"
"3P300-40593-1","3P300-40593"
"3P300-63201-1","3P300-63201"
"3P300-63211-1","3P300-63211"
"3P300-63222-1","3P300-63222"
"3P300-63231-1","3P300-63231"
"3P300-63241-1","3P300-63241"
"3P300-63242-1","3P300-63242"
"3P300-82771-1","3P300-82771"
"3P705-63201-1","3P705-63201"
"3P705-63231-1","3P705-63231"
"3P705-63241-1","3P705-63241"
"3P903-27651-1","3P903-27651"
"3P903-33111-1","3P903-33111"
"3P903-63201-1","3P903-63201"
"3P903-63202-1","3P903-63202"
"3P903-63211-1","3P903-63211"
"3P903-63231-1","3P903-63231"
"3P903-63232-1","3P903-63232"
"3P903-63241-1","3P903-63241"
"3P903-63242-1","3P903-63242"
"3P903-69231-S","3P903-69231"
"3P903-82991-1","3P903-82991"
"3P999-00291-1","3P999-00291"
"3P999-00711-1","3P999-00712"
"3P999-00711-1","3P999-00711"
"3P999-00721-1","3P999-00722"
"3P999-00721-1","3P999-00721"
"3R600-63231-1","3R600-63231"
"3R600-63521-1","3R600-63521"
"3R600-63541-1","3R600-63541"
"3R600-63542-1","3R600-63542"
"3R600-63571-1","3R600-63571"
"3R600-63581-1","3R600-63581"
"3R600-63661-1","3R600-63661"
"3R600-63662-1","3R600-63662"
"3R600-63671-1","3R600-63671"
"3R600-63672-1","3R600-63672"
"3R600-63681-1","3R600-63681"
"3R600-63682-1","3R600-63682"
"3R600-82732-S","3R600-82732"
"3R900-63231-1","3R900-63231"
"3R900-63521-1","3R900-63521"
"3R900-63541-1","3R900-63541"
"3R900-63671-1","3R900-63671"
"3R900-63672-1","3R900-63672"
"3R900-82731-S","3R900-82731"
"3R900-82731-S","3R900-82732"
"3R908-48711-1","3R908-48711"
"3R908-48721-1","3R908-48721"
"3R908-48731-1","3R908-48731"
"3R908-48732-1","3R908-48732"
"3R908-48741-1","3R908-48741"
"3R908-48742-1","3R908-48742"
"3R908-48751-S","3R908-48751"
"3R908-48752-S","3R908-48752"
"3R908-48753-S","3R908-48753"
"3R908-48761-S","3R908-48761"
"3R908-48762-S","3R908-48762"
"3R908-48791-S","3R908-48791"
"3R908-48792-S","3R908-48792"
"3S200-79511-1","3S200-79511"
"3S200-84241-1","3S200-84242"
"3S200-84243-1","3S200-84243"
"3S200-84244-1","3S200-84244"
"3S203-21541-1","3S203-21541"
"3S203-21542-S","3S203-21543"
"3S203-63221-1","3S203-63221"
"3S203-63542-1","3S203-63542"
"3S205-33111-1","3S205-33111"
"3S205-33112-S","3S205-33113"
"3S205-84241-1","3S205-84241"
"3S205-84242-1","3S205-84242"
"3S205-84243-1","3S205-84243"
"3S205-84251-1","3S205-84251"
"3S205-84252-1","3S205-84252"
"3S205-84253-1","3S205-84253"
"3S205-84254-1","3S205-84254"
"3S205-84261-1","3S205-84261"
"3S205-84262-1","3S205-84262"
"3S205-84263-1","3S205-84263"
"3S223-63221-S","3S223-63222"
"3S223-63541-S","3S223-63542"
"3S223-63543-S","3S223-63543"
"3S223-69231-S","3S223-69231"
"3S223-69251-S","3S223-69251"
"3S223-82741-S","3S223-82742"
"3S223-82991-S","3S223-82992"
"3S28A-48811-1","3S28A-48811"
"3S28A-48841-1","3S28A-48841"
"3S48A-48811-1","3S48A-48811"
"3S48A-48811-1","3S48A-48812"
"3S48A-48841-1","3S48A-48841"
"3S48A-48841-1","3S48A-48842"
"3S48A-48851-1","3S48A-48851"
"3S48A-48881-1","3S48A-48881"
"3S500-82741-1","3S500-82741"
"3S500-82742-1","3S500-82742"
"3S500-82743-S","3S500-82743"
"3T200-63201-1","3T200-63201"
"3T200-63202-1","3T200-63202"
"3T200-63241-1","3T200-63241"
"3T200-63242-1","3T200-63242"
"3T460-63221-1","3T460-63222"
"3T460-63221-1","3T460-63221"
"3T460-63241-1","3T460-63241"
"3T460-82771-1","3T460-82771"
"3T999-01501-1","3T999-01501"
"3T999-01511-1","3T999-01511"
"3T999-01521-1","3T999-01521"
"3T999-01531-1","3T999-01531"
"3T999-01541-1","3T999-01541"
"3T999-01551-1","3T999-01551"
"3U503-18121-S","3U503-18121"
"3U503-18122-S","3U503-18122"
"3U503-23121-S","3U503-23121"
"3U503-23121-S","3U503-23122"
"3U503-23181-S","3U503-23181"
"3U503-23181-S","3U503-23182"
"3U503-27641-S","3U503-27642"
"3U503-27641-S","3U503-27641"
"3U503-27651-S","3U503-27651"
"3U503-27661-1","3U503-27661"
"3U503-33131-S","3U503-33131"
"3U503-33131-S","3U503-33132"
"3U503-42742-1","3U503-42742"
"3U503-42743-S","3U503-42743"
"3U503-42751-S","3U503-42751"
"3U503-42752-S","3U503-42752"
"3U503-42771-S","3U503-42771"
"3U503-42772-S","3U503-42772"
"3U503-63541-1","3U503-63541"
"3U503-63543-1","3U503-63543"
"3U503-63551-1","3U503-63552"
"3U503-63551-1","3U503-63551"
"3U503-63553-1","3U503-63553"
"3U503-67561-S","3U503-67561"
"3U503-69261-1","3U503-69262"
"3U503-69261-1","3U503-69261"
"3U503-82761-1","3U503-82762"
"3U503-82761-1","3U503-82761"
"3U503-82991-1","3U503-82992"
"3U503-82991-1","3U503-82991"
"3U503-82993-1","3U503-82993"
"3U503-94122-1","3U503-94122"
"3W600-63541-1","3W600-63541"
"3W600-63542-1","3W600-63542"
"3W600-63671-1","3W600-63671"
"3W900-63231-1","3W900-63231"
"3W900-63541-1","3W900-63541"
"3Y200-82741-1","3Y200-82741"
"3Y200-82743-1","3Y200-82743"
"3Y203-69231-S","3Y203-69231"
"3Y205-21542-1","3Y205-21542"
"3Y205-33111-1","3Y205-33111"
"3Y205-33112-1","3Y205-33112"
"3Y205-33131-S","3Y205-33132"
"3Y205-63222-1","3Y205-63222"
"3Y205-63542-1","3Y205-63542"
"3Y205-82291-S","3Y205-82292"
"3Y213-69231-S","3Y213-69231"
"3Y280-48761-1","3Y280-48761"
"3Y280-48762-1","3Y280-48762"
"3Y280-48811-1","3Y280-48811"
"3Y280-48812-1","3Y280-48812"
"3Y280-48813-1","3Y280-48813"
"3Y280-48841-1","3Y280-48841"
"3Y280-48842-1","3Y280-48842"
"3Y280-48843-1","3Y280-48843"
"3Y280-48851-1","3Y280-48851"
"3Y280-48881-1","3Y280-48881"
"3Y280-82741-1","3Y280-82741"
"3Y565-63231-S","3Y565-63232"
"4313828-F","4313828993"
"43XU1250301-01","43XU1250301-XA"
"43XU1250301-02","43XU1250301-XA"
"46UA08Q2RR75-5","46UA08Q2RR75"
"46UA08Q2RR77-5","46UA08Q2RR77"
"48100-37685-1","48100-37685"
"48100-37716-1","48100-37716"
"48100-37717-1","48100-37717"
"48100-37732-1","48100-37734"
"48100-37732-1","48100-37732"
"48100-37732-1","48100-37733"
"48100-37761-1","48100-37761"
"48100-37761-1","48100-37762"
"48100-37761-1","48100-37763"
"48210-37213-1","48210-37213"
"48210-37214-1","48210-37214"
"48210-37223-1","48210-37223"
"48210-37224-1","48210-37224"
"48250-63811-1","48250-63811"
"48250-63821-1","48250-63821"
"48280-63316-10","48280-63316"
"48280-63632-1","48280-63633"
"48280-63632-1","48280-63632"
"48280-63654-1","48280-63654"
"48280-63654-1","48280-63655"
"48280-63661-1","48280-63661"
"48280-63661-1","48280-63662"
"48280-63812-1","48280-63812"
"48280-63812-1","48280-63813"
"48280-63823-1","48280-63824"
"48280-63823-1","48280-63823"
"48280-63831-1","48280-63832"
"48280-63831-1","48280-63831"
"48280-63881-1","48280-63882"
"48280-63881-1","48280-63881"
"48280-64312-S","48280-64312"
"48280-64511-1","48280-64512"
"48280-64511-1","48280-64511"
"48280-64531-1","48280-64531"
"48280-64531-1","48280-64532"
"48280-64922-1","48280-64932"
"48280-64922-1","48280-64933"
"5117-6822-001-S","5117-6822-001"
"51850-51214-1","51850-51214"
"51850-51224-1","51850-51224"
"51853-51211-1","51853-51211"
"51854-51211-1","51854-51211"
"51854-51221-1","51854-51221"
"58700-11413-1","58700-11413"
"58700-11413-1","58700-11414"
"5H800-11351-1","5H800-11351"
"61301-00700","35B98-48830"
"61301-00700","35B36-53501"
"61301-00700","35B36-53500"
"63563-R1511-S","R1511-63563"
"67955-25351-S","67955-25351"
"67955-26353-S","67955-26353"
"67955-37215-S","67955-37215"
"67980-37211-S","67980-37212"
"67980-37211-S","67980-37211"
"67980-37221-S","67980-37222"
"67980-37221-S","67980-37221"
"67980-37231-S","67980-37233"
"67980-37231-S","67980-37232"
"67980-37231-S","67980-37231"
"68633640001-S","68633640001"
"68811-72331-1","68811-72331"
"68811-72521-S","68811-72521"
"6883-3570-00-1-1","68833570001"
"69181-95274-1","69181-95274"
"69181-95275-1","69181-95275"
"69181-95284-1","69181-95284"
"69181-95285-1","69181-95285"
"69350FJ111-6","69350FJ111-7"
"69350FK311-6","69350FK311-7"
"6963829K02-6","6963829K02"
"69638FB200-6","69638FB200"
"69638FB600-8","69638FB600"
"69638FB605-9","69638FB605-10"
"69638FB705-10","69638FB705-11"
"69638FC200-6","69638FC200"
"69638FC205-6","69638FC205"
"69638FC205-6","69638FC20A"
"69638FC600-6","69638FC600"
"69638FC605-6","69638FC605"
"69638FC605-6","69638FC60A"
"69638FD600-6","69638FD600"
"69638GB61A-S","69638GB61A"
"69638GG90A-6","69638GG90A"
"69711GL12A-S","69711GL12A"
"69811GL12A-S","69811GL12A"
"69811GL12B-S","69811GL12B"
"69811GL52A-S","69811GL52A"
"69976FK060-S","69976FK060"
"69976FL808-S","69976FL808"
"69976FL809-S","69976FL809"
"69976FL813-S","69976FL813"
"69976FL817-S","69976FL817"
"69976FL821-S","69976FL821"
"69978FK060-S","69978FK060"
"69978FL805-S","69978FL805"
"69978FL809-S","69978FL809"
"69978FL813-S","69978FL813"
"6998318H01-1","69978FL809"
"6998318H01-1","69976FL809"
"6998318H01-2","69976FL809"
"6998318H01-2","69978FL809"
"6998318H01-3","69978FL809"
"6998318H01-3","69976FL809"
"6A100-39215","6A100-39207"
"6A100-39215","KY110-39201"
"6A100-39312-1","6A100-39312"
"6A310-39214","6A810-39241"
"6A310-39215","6A810-39242"
"6A310-39216","6A810-39243"
"6A320-39214","6A830-39261"
"6A370-39311-1","6A370-39312"
"6A370-39311-1","6A370-39311"
"6A370-39313-1","6A370-39313"
"6A540-39202","6A540-39252"
"6A600-39211","6A600-39202"
"6A600-39231-1","6A100-39234"
"6A600-39231-1","6A100-39233"
"6A600-39271","6A600-39262"
"6A600-39272","6A600-39263"
"6A600-39273","6A600-39264"
"6A600-39311-1","6A600-39311"
"6A610-39311-S","6A610-39311"
"6A610-39612-S","6A610-39612"
"6A671-39214","6A671-39204"
"6A671-39215","6A671-39205"
"6A671-39313-S","6A671-39313"
"6A671-39331-1","6A671-39331"
"6A671-39332-1","6A671-39332"
"6A671-39613-S","6A671-39613"
"6A671-39631-S","6A671-39631"
"6A671-39632-S","6A671-39632"
"6A671-96121-S","6A671-96121"
"6A671-96121-S","6A671-96111"
"6A671-96131-S","6A671-96131"
"6A700-39211","6A700-39201"
"6A700-39212","6A700-39202"
"6A700-39213","6A700-39203"
"6A700-39231-1","6A700-39231"
"6A700-39232-1","6A700-39232"
"6A700-39271","6A700-39261"
"6A700-39272","6A700-39262"
"6A700-39273","6A700-39263"
"6A700-39311-S","6A700-39311"
"6A700-39811-S","6A700-39811"
"6A710-39311-S","6A710-39311"
"6A710-39312-S","6A710-39312"
"6A741-39231-1","6A741-39231"
"6A741-39311-S","6A741-39311"
"6A741-39312-S","6A741-39312"
"6A751-39311-S","6A751-39311"
"6A800-39211-S","6A800-39261"
"6A800-39211-S","6A800-39211"
"6A800-39212-S","6A800-39262"
"6A800-39212-S","6A800-39212"
"6A810-39201","6A810-39251"
"6A810-39202","6A810-39252"
"6A810-39203","6A810-39253"
"6A810-39231-1","6A810-39231"
"6A810-39232-1","6A810-39232"
"6A810-39233-1","6A810-39233"
"6A810-39261","6A810-39211"
"6A810-39262","6A810-39212"
"6A810-39263","6A810-39213"
"6A810-39271","6A810-39221"
"6A810-39272","6A810-39222"
"6A810-39273","6A810-39223"
"6A810-39311-1","6A810-39311"
"6A830-39201","6A830-39251"
"6A830-39202","6A830-39252"
"6A830-39203","6A830-39253"
"6A830-39204","6A830-39254"
"6A830-39211","6A830-39262"
"6A830-39212","6A830-39263"
"6A830-39213","6A830-39264"
"6A830-39214","6A830-39265"
"6C040-39216","6C040-39208"
"6C042-38525-S","6C042-38525"
"6C042-39222-1","6C042-39222"
"6C042-39222-1","6C042-39223"
"6C042-39222-1","6C042-39224"
"6C060-39211","6C060-39201"
"6C060-39212","6C060-39202"
"6C060-39213","6C060-39203"
"6C060-39214","6C060-39204"
"6C070-39211","6C070-39201"
"6C070-39321-S","6C070-39321"
"6C070-39363-1","6C070-39364"
"6C070-39363-1","6C070-39363"
"6C080-39211","6C080-39261"
"6C090-39212","6C090-39202"
"6C090-39212-S","6C090-39214"
"6C090-39212-S","6C090-39212"
"6C090-39212-S","6C090-39213"
"6C090-39213","6C090-39203"
"6C090-39214","6C090-39204"
"6C090-39222-1","6C090-39223"
"6C110-39213","6C110-39203"
"6C110-39323-S","6C110-39323"
"6C110-39361-1","6C110-39362"
"6C120-39213","6C120-39203"
"6C130-39323-S","6C130-39323"
"6C130-39361-1","6C130-39362"
"6C130-58711-S","6C130-58711"
"6C140-39213","6C140-39203"
"6C140-39221-1","6C140-39221"
"6C150-39323-S","6C150-39323"
"6C150-39353-S","6C150-39353"
"6C150-39361-1","6C150-39362"
"6C170-39213","6C170-39203"
"6C170-39221-1","6C170-39221"
"6C170-39323-S","6C170-39323"
"6C170-39363-S","6C170-39363"
"6C170-39363-S","6C170-39364"
"6C200-39211","6C200-39201"
"6C200-39212","6C200-39202"
"6C200-39213","6C200-39203"
"6C200-39232-S","6C200-39232"
"6C200-39233-S","6C200-39233"
"6C200-39311-S","6C200-39311"
"6C200-39312-S","6C200-39312"
"6C200-39321-1","6C200-39322"
"6C200-39321-1","6C200-39321"
"6C220-39211","6C220-39201"
"6C220-39212","6C220-39202"
"6C220-39213","6C220-39203"
"6C220-39232-S","6C220-39232"
"6C220-39233-S","6C220-39233"
"6C222-38521-S","6C222-38521"
"6C242-39211","6C242-39201"
"6C242-39212","6C242-39202"
"6C242-39213","6C242-39203"
"6C260-39211","6C260-39201"
"6C300-39291","6C300-39301"
"6C300-39292","6C300-39302"
"6C310-39211","6C310-39201"
"6C310-39212","6C310-39202"
"6C310-39291","6C310-39301"
"6C310-39292","6C310-39302"
"6C360-39211","6C360-39201"
"6C360-39361-S","6C360-39363"
"6C360-39361-S","6C360-39361"
"6C360-39361-S","6C360-39362"
"6C372-39211-S","6C372-39211"
"6C392-39211","6C392-39261"
"6C392-39212","6C392-39262"
"6C392-39221","6C392-39271"
"6C392-39222","6C392-39272"
"6C392-39311-1","6C392-39311"
"6C392-39312-1","6C392-39312"
"6E000-39211-S","6E000-39211"
"6E000-39212-S","6E000-39212"
"6E042-39201","6E042-39251"
"6E042-39202","6E042-39252"
"6E069-39311-1","6E069-39311"
"6E069-39312-1","6E069-39312"
"6E069-39312-1","6E069-39313-A"
"6E200-39211","6E200-39201"
"6E200-39212","6E200-39202"
"6E200-39231-S","6E200-39231"
"6E200-39271","6E200-39261"
"6E200-39272-N","6E200-39262"
"6E468-39211-S","6E468-39211"
"6E468-39212-S","6E468-39212"
"6E468-39213","6E468-39202"
"6E468-39213-S","6E468-39213"
"6E700-39271","6E700-39261"
"6E800-39211-S","6E800-39211"
"6E816-39261","6E816-39211"
"6E850-39201","6E850-39251"
"6E850-39202","6E850-39252"
"6E850-39311-S","6E850-39311"
"6E850-39312-S","6E850-39312"
"6E859-39211","6E859-39261"
"6E859-39212","6E859-39262"
"6E859-39311-B","6E859-39311"
"6E859-39312-B","6E859-39312"
"6F144-39211-S","6F144-39211"
"6F162-38711-S","6F162-38711"
"6F162-38721-S","6F162-38721"
"6F162-38731-S","6F162-38731"
"6F162-38741-S","6F162-38741"
"6F172-38601-S","6F172-38601"
"6F172-38611-S","6F172-38611"
"6F172-38621-S","6F172-38621"
"6F172-38641-S","6F172-38641"
"6F172-39231-S","6F172-39231"
"6F172-39411-S","6F172-39411"
"6F172-39412-S","6F172-39412"
"6F172-39421-S","6F172-39421"
"6F172-39422-S","6F172-39422"
"6F172-39431-S","6F172-39431"
"6F172-39432-S","6F172-39432"
"6F172-39441-S","6F172-39441"
"6F172-39442-S","6F172-39442"
"70727-63631-S","70727-63631"
"70765-63011-1","70765-63011"
"70765-95021-S","70765-95021"
"70765-95031-1","70765-95031"
"70765-95041-S","70765-95041"
"71675-86210-S","71675-86210"
"71854-53213-S","71854-53213"
"72230-78210-A","72230-78210"
"76690-32272-S","76690-32272"
"76690-32282-S","76690-32282"
"76690-32493-S","76690-32493"
"7J275-84221-S","7J275-84221"
"7J275-84222-S","7J275-84222"
"7J275-84241-S","7J275-84241"
"7J275-84242-S","7J275-84242"
"7J425-68121-1","7J425-68121"
"85298-06312-1","85298-06312"
"91A75-11100-4","91A75-11100"
"94-1203","340672500-5"
"94-1203-1","94-1203"
"99868-13232-1","99868-13232"
"A40400530-S","A40400530"
"A40400540-S","A40400540"
"A40400760-8","A40400760"
"A69C2C010A-0000-A","A69C2C010A-0000"
"F4001-12002","35B36-53500"
"H3252-76101-S","H3252-76101"
"H3253-76101-S","H3253-76101"
"H3A01-82201-S","H3A01-82201"
"H3F23-82201-S","H3F23-82201"
"H3F23-82201-S","H3F23-82202"
"H3F26-82201-S","H3F26-82201"
"K1252-36672-S","K1252-36672"
"K1253-36431-S","K1253-36431"
"K2011-36341-1","K2011-36341"
"K2011-36351-S","K2011-36351"
"K2011-36351-S","K2011-36352"
"K2011-36371-S","K2011-36371"
"K2011-36372-S","K2011-36372"
"K2011-36373-S","K2011-36373"
"K2011-36382-S","K2011-36382"
"K2011-36581-S","K2011-36582"
"K2011-36581-S","K2011-36581"
"K2013-36581-S","K2013-36581"
"K3111-36411-S","K3111-36412"
"K3111-36411-S","K3111-36411"
"K3111-36413-S","K3111-36413"
"K3111-36414-S","K3111-36414"
"K3111-36421-S","K3111-36422"
"K3111-36421-S","K3111-36421"
"K3111-36423-S","K3111-36423"
"K3111-36424-S","K3111-36424"
"K3111-36425-S","K3111-36425"
"K3111-36451-S","K3111-36451"
"K3111-36452-S","K3111-36452"
"K3111-36455-S","K3111-36455"
"K3111-98321-S","K3111-98321"
"K3111-98331-S","K3111-98331"
"K3111-98341-S","K3111-98341"
"K3131-16481-S","K3131-16481"
"K3151-36811-S","K3151-36811"
"K3151-36813-S","K3151-36813"
"K3161-16351-1","K3161-16351"
"K3161-16353-1","K3161-16353"
"K3161-16411-1","K3161-16411"
"K3161-16421-1","K3161-16421"
"K3211-16411-S","K3211-16411"
"K3211-16411-S","K3211-16412"
"K3211-16421-S","K3211-16421"
"K3211-16421-S","K3211-16422"
"K3211-16451-S","K3211-16452"
"K3211-16451-S","K3211-16451"
"K3211-16453-S","K3211-16453"
"K3211-16481-S","K3211-16482"
"K3211-16481-S","K3211-16481"
"K3211-16483-S","K3211-16483"
"K3311-36422-S","K3311-36423"
"K3311-36422-S","K3311-36422"
"K3311-36432-1","K3311-36432"
"K3311-36442-1","K3311-36442"
"K3311-36453-1","K3311-36454"
"K3311-36453-1","K3311-36455"
"K3311-36453-1","K3311-36453"
"K3311-36463-S","K3311-36463"
"K3311-36463-S","K3311-36464"
"K3431-16351-1","K3431-16351"
"K3511-36242-S","K3511-36243"
"K3511-36242-S","K3511-36242"
"K3511-36322-1","K3511-36323"
"K3511-36322-1","K3511-36322"
"K3511-90611-S","K3511-90612"
"K3511-90611-S","K3511-90613"
"K3511-90611-S","K3511-90614"
"K3511-90611-S","K3511-90611"
"K3551-36474-S","K3551-36474"
"K3551-36474-S","K3551-36475"
"K3611-36241-S","K3611-36241"
"K3611-36242-S","K3611-36242"
"K3611-36243-S","K3611-36243"
"K3611-36244-S","K3611-36244"
"K3611-36245-S","K3611-36245"
"K3611-36246-S","K3611-36246"
"K3611-91621-1","K3611-91621"
"K3611-91621-1","K3611-91622"
"K3611-91661-1","K3611-91661"
"K3611-91662-1","K3611-91662"
"K3611-99811-S","K3611-99811"
"K3722-36241-S","K3722-36241"
"K3722-36242-S","K3722-36242"
"K4010-36422-1","K4010-36422"
"K4010-36422-1","K4010-36423"
"K4010-37122-S","K4010-37123"
"K4010-37122-S","K4010-37122"
"K4010-37581-1","K4010-37581"
"K4010-37581-1","K4010-37582"
"K4010-37714-1","K4010-37715"
"K4010-37714-1","K4010-37714"
"K4010-37732-1","K4010-37732"
"K4010-37733-1","K4010-37733"
"K4010-37733-1","K4010-37734"
"K4040-37111-S","K4040-37112"
"K4040-37111-S","K4040-37111"
"K4040-37232-1","K4040-37232"
"K4040-37232-1","K4040-37233"
"KY210-39311-1","KY210-39311"
"KY210-39321-S","KY210-39322"
"LLA-N-6ZMC3-KOKUIN","3S48A-48842"
"LLA-N-6ZMC3-KOKUIN","3S48A-48812"
"PF001-75791-S","PF001-75791"
"PF801-75743-1F","PF801-75743"
"PF801-75752-1F","PF801-75752"
"PF801-75791-S","PF801-75791"
"PN15","32550-38153"
"PR652-75461-1","PR652-75461"
"PR652-75462-1","PR652-75462"
"PR652-75463-1","PR652-75463"
"PR652-75514-S","PR652-75514"
"PR652-75515-S","PR652-75515"
"R1411-34912-S","R1411-34912"
"R1411-34913-S","R1411-34913"
"R1411-34922-S","R1411-34922"
"R1411-63562-S","R1411-63562"
"R1411-63563-S","R1411-63563"
"R1411-63651-S","R1411-63651"
"R1411-63652-S","R1411-63652"
"R1431-63561-S","R1431-63561"
"R1431-63622-S","R1431-63622"
"R1441-63561-S","R1441-63561"
"R1441-63622-S","R1441-63622"
"R1511-63562-S","R1511-63562"
"R2411-64932-S","R2411-64932"
"RA011-63823-1","RA011-63825"
"RA011-63823-1","RA011-63824"
"RA011-63823-1","RA011-63826"
"RA111-63821-1","RA111-63821"
"RA111-95631-1","RA111-95631"
"RA121-63821-1","RA121-63823"
"RA121-63821-1","RA121-63824"
"RA121-63821-1","RA121-63822"
"RC101-63333-S","RC101-63334"
"RC101-63333-S","RC101-63333"
"RC401-63321-S","RC401-63322"
"RC401-63321-S","RC401-63321"
"RC461-61891-4","RC461-61892"
"T0120-33401-S","T0120-33411"
"T0120-33411","T0120-33401"
"T0230-33407-S","T0230-33407"
"T0250-33426-S","T0250-33426"
"T0270-33407-S","T0270-33407"
"T0320-33406-S","T0320-33406"
"T0320-33406-S","T0320-33407"
"T0320-33425-S","T0320-33426"
"T0320-33425-S","T0320-33425"
"T0330-33563-S","T0330-33563"
"T0420-33514-1","T0420-33514"
"T0430-33427-S","T0430-33427"
"T1030-33411-S","T1030-33411"
"T1030-33423-S","T1030-33425"
"T1030-33423-S","T1030-33424"
"T1030-33423-S","T1030-33423"
"T1030-33432-S","T1030-33433"
"T1030-33432-S","T1030-33432"
"T1036-33411-1","T1036-33411"
"T1036-33431-S","T1036-33431"
"T1039-33411-S","T1039-33411"
"T1040-33424-S","T1040-33426"
"T1040-33424-S","T1040-33424"
"T1040-33424-S","T1040-33425"
"T1040-33432-S","T1040-33432"
"T1060-33412-S","T1060-33412"
"T1060-33423-S","T1060-33423"
"T1060-33423-S","T1060-33424"
"T1060-33432-S","T1060-33432"
"T1080-33422-S","T1080-33422"
"T1080-33431-S","T1080-33431"
"T1150-33412-S","T1150-33412"
"T1150-33422-S","T1150-33422"
"T1150-33431-S","T1150-33431"
"T1170-33422-S","T1170-33422"
"T1170-33431-S","T1170-33431"
"T1170-86231-S","T1170-86231"
"T1170-86232-S","T1170-86232"
"T1170-86233-S","T1170-86233"
"T1170-86234-S","T1170-86234"
"T1295-72821-1","T1295-72821"
"T1295-72822-1","T1295-72822"
"T1425-72821-1","T1425-72821"
"T1670-33411-S","T1670-33411"
"T1670-33411-S","T1670-33412"
"T1670-33431-S","T1670-33431"
"T1731-33411-1","T1731-33411"
"T1731-33432-S","T1731-33432"
"T1741-33421-S","T1741-33421"
"T1741-33422-S","T1741-33422"
"T1741-33422-S","T1741-33423"
"T1741-33432-S","T1741-33432"
"T1771-33411-1","T1771-33411"
"T1771-33411-1","T1771-33412"
"T1771-33421-S","T1771-33421"
"T1771-33422-S","T1771-33423"
"T1771-33422-S","T1771-33422"
"T1771-33432-S","T1771-33432"
"T1821-33421-S","T1821-33421"
"T1821-33422-S","T1821-33423"
"T1821-33422-S","T1821-33422"
"T1821-33432-S","T1821-33432"
"T1851-33411-1","T1851-33411"
"T1851-33411-1","T1851-33412"
"T1851-33421-S","T1851-33421"
"T1851-33422-S","T1851-33422"
"T1851-33422-S","T1851-33423"
"T1851-33432-S","T1851-33432"
"T1860-33411-S","T1860-33412"
"T1860-33411-S","T1860-33411"
"T1860-33431-S","T1860-33431"
"T1861-33411-S","T1861-33412"
"T1861-33411-S","T1861-33411"
"T1861-33431-S","T1861-33431"
"T1861-33431-S","T1861-33432"
"T1870-33431-S","T1870-33431"
"T1871-33431-S","T1871-33432"
"T1871-33431-S","T1871-33431"
"T1880-33411-S","T1880-33411"
"T1880-33411-S","T1880-33412"
"T1880-33431-S","T1880-33431"
"T1881-33411-S","T1881-33411"
"T1881-33411-S","T1881-33412"
"T1881-33431-S","T1881-33431"
"T1881-33431-S","T1881-33432"
"T1882-33431-S","T1882-33432"
"T1882-33431-S","T1882-33431"
"T1891-33411-S","T1891-33412"
"T1891-33411-S","T1891-33411"
"T1891-33431-S","T1891-33431"
"T1891-33431-S","T1891-33432"
"T2030-33513-1","T2030-33514"
"T2030-33513-S","T2030-33513"
"T2050-33425-S","T2050-33425"
"T2050-33513-1","T2050-33514"
"T2050-33513-S","T2050-33513"
"T2350-33421-S","T2350-33421"
"T2350-33422-S","T2350-33422"
"T2450-33421-S","T2450-33421"
"T2560-33511-S","T2560-33511"
"T3658-33421-S","T3658-33421"
"T3658-33511-S","T3658-33511"
"T3658-33512-S","T3658-33512"
"T3680-33511-S","T3680-33511"
"T3680-33512-S","T3680-33512"
"T3688-33411-S","T3688-33411"
"T3688-33421-S","T3688-33421"
"T3688-33431-S","T3688-33431"
"T3688-33432-S","T3688-33432"
"T3688-33433-S","T3688-33433"
"T3688-33511-S","T3688-33511"
"T3688-33512-S","T3688-33512"
"T3838-33421-S","T3838-33421"
"T4143-33431-S","T4143-33431"
"T4148-33411-S","T4148-33411"
"T4148-33412-S","T4148-33412"
"T4148-33421-S","T4148-33421"
"T4148-33431-S","T4148-33431"
"T4148-33451","T4148-33401"
"T4148-33451-1","T4148-33451"
"T4148-33452","T4148-33402"
"T4148-33452-1","T4148-33452"
"T4148-33453","T4148-33403"
"T4148-33461","T4148-33401"
"T4148-33461","T4530-33401"
"T4148-33461","T4148-33403"
"T4148-33461","T4148-33402"
"T4351-33411-S","T4351-33411"
"T4351-33412-S","T4351-33412"
"T4351-33421-S","T4351-33421"
"T4351-33422-S","T4351-33422"
"T4351-33431-S","T4351-33431"
"T4351-33511-S","T4351-33511"
"T4368-33411-S","T4368-33411"
"T4368-33421-S","T4368-33421"
"T4368-33431-S","T4368-33431"
"T4368-33432-S","T4368-33432"
"T4368-33511-S","T4368-33511"
"T4368-33512-S","T4368-33512"
"T4530-33431-S","T4530-33431"
"T4530-33451","T4530-33401"
"T4870-33511-S","T4870-33511"
"TA040-33563-S","TA040-33564"
"TA040-33563-S","TA040-33563"
"TA046-33412-S","TA046-33412"
"TA046-33412-S","TA046-33413"
"TA046-33421-S","TA046-33422"
"TA046-33421-S","TA046-33421"
"TA240-21118-1","TA240-21118"
"TA240-21137-1","TA240-21137"
"TA250-56462-1","TA250-56462"
"TA470-33423-S","TA470-33424"
"TA470-33423-S","TA470-33423"
"TA530-33421-S","TA530-33421"
"TA530-33421-S","TA530-33422"
"TA530-35321-S","TA530-35321"
"TA530-35322-S","TA530-35322"
"TA530-35323-S","TA530-35323"
"TA530-35324-S","TA530-35324"
"TA630-33421-S","TA630-33421"
"TA630-33422-S","TA630-33422"
"TC020-16722-1","TC020-16723"
"TC020-16722-1","TC020-16722"
"TC020-16761-1F","TC020-16762"
"TC020-16761-1F","TC020-16761"
"TC020-16921-1","TC020-16921"
"TC020-16921-1","TC020-16922"
"TC020-16961-1F","TC020-16961"
"TC020-16961-1F","TC020-16962"
"TC220-37551-S","TC220-37551"
"TC220-56461-S","TC220-56461"
"TC230-58271-S","TC230-58271"
"TC230-58272-1","TC230-58272"
"TC230-58273-1","TC230-58273"
"TC230-58274-1","TC230-58274"
"TC232-37552-1","TC232-37552"
"TC242-37551-1","TC242-37551"
"TC420-56181-S","TC420-56181"
"TC620-37551-S","TC620-37551"
"TC820-56181-S","TC820-56181"
"TC820-56182-S","TC820-56182"
"TC820-56221-S","TC820-56221"
"TC860-33511-S","TC860-33511"
"TC860-33512-S","TC860-33512"
"TD030-33501-S","TD030-33501"
"TD030-56481-S","TD030-56481"
"TD039-33501-S","TD039-33501"
"TD060-33501-S","TD060-33501"
"TD060-37551-S","TD060-37551"
"TD060-56113-S","TD060-56113"
"TD060-56114-S","TD060-56114"
"TD060-56115-S","TD060-56115"
"TD060-56123-1","TD060-56123"
"TD060-56461-S","TD060-56461"
"TD060-56481-S","TD060-56481"
"TD060-59941-S","TD060-59941"
"TD060-59951-1","TD060-59951"
"TD060-59961-S","TD060-59961"
"TD069-33501-S","TD069-33501"
"TD069-56481-S","TD069-56481"
"TD120-56481-S","TD120-56481"
"TD120-56482-S","TD120-56482"
"TD129-33501-S","TD129-33501"
"TD169-33501-S","TD169-33501"
"TD170-33432-1","TD170-33432"
"TD170-33442-1","TD170-33442"
"TD170-33462-1","TD170-33462"
"TD170-33463-1","TD170-33463"
"TD170-37551-1","TD170-37551"
"TD170-37552-1","TD170-37552"
"TD170-56461-1","TD170-56461"
"TD170-56462-1","TD170-56462"
"TD170-56481-S","TD170-56481"
"TD170-56482-S","TD170-56482"
"TD179-56461-S","TD179-56461"
"TD179-56481-S","TD179-56481"
"TD179-56491-S","TD179-56491"
"TD210-69931-S","TD210-69931"
"TD220-33501-S","TD220-33501"
"TD220-33502-S","TD220-33502"
"TD220-56481-S","TD220-56481"
"TD220-56482-S","TD220-56482"
"TD220-69951-S","TD220-69951"
"TD227-56481-S","TD227-56481"
"TD229-33421-S","TD229-33421"
"TD229-33422-S","TD229-33422"
"TD229-56491-S","TD229-56491"
"TD240-69931-S","TD240-69931"
"TD249-33421-S","TD249-33421"
"TD249-53421-S","TD249-53421"
"TD249-53422-S","TD249-53422"
"TD260-33501-S","TD260-33501"
"TD260-33502-S","TD260-33502"
"TD260-69951-S","TD260-69951"
"TD269-33411-S","TD269-33411"
"TD269-33421-S","TD269-33421"
"TD270-33431-1","TD270-33431"
"TD270-33451-1","TD270-33451"
"TD270-33461-1","TD270-33461"
"TD270-56211-S","TD270-56211"
"TD270-56481-S","TD270-56481"
"TD270-56482-S","TD270-56482"
"TD279-33411-S","TD279-33411"
"TD279-33412-S","TD279-33412"
"TD279-33421-S","TD279-33421"
"TD279-33422-S","TD279-33422"
"TD310-33501-S","TD310-33501"
"TD310-56481-S","TD310-56481"
"TD310-56482-S","TD310-56482"
"TD340-33501-S","TD340-33501"
"TD349-56461-S","TD349-56461"
"TD350-33401-S","TD350-33401"
"TD350-33402-S","TD350-33402"
"TD350-33411-S","TD350-33411"
"TD350-33412-S","TD350-33412"
"TD350-33431-S","TD350-33431"
"TD350-33433-S","TD350-33433"
"TD350-33441-S","TD350-33441"
"TD350-33443-S","TD350-33443"
"TD350-33451-S","TD350-33451"
"TD350-33453-S","TD350-33453"
"TD350-33461-S","TD350-33461"
"TD350-33463-S","TD350-33463"
"TD350-56481-S","TD350-56481"
"TD350-56482-S","TD350-56482"
"TD359-33411-S","TD359-33411"
"TD359-33421-S","TD359-33421"
"TD359-56481-S","TD359-56481"
"TD359-56482-S","TD359-56482"
"TD359-56483-S","TD359-56483"
"TD419-33421-S","TD419-33421"
"TD429-33421-S","TD429-33421"
"TD429-56481-S","TD429-56481"
"TD429-56482-S","TD429-56482"
"TD441-37551-S","TD441-37551"
"TD449-33401-S","TD449-33401"
"TD449-33411-S","TD449-33411"
"TD449-33412-S","TD449-33412"
"TD449-33431-S","TD449-33431"
"TD449-33441-S","TD449-33441"
"TD449-33442-S","TD449-33442"
"TD449-33443-S","TD449-33443"
"TD449-33451-S","TD449-33451"
"TD449-33461-S","TD449-33461"
"TD449-33462-S","TD449-33462"
"TD449-33471-S","TD449-33471"
"TD449-33501-S","TD449-33501"
"TD449-37441-S","TD449-37441"
"TD449-37442-S","TD449-37442"
"TD449-37551-S","TD449-37551"
"TD510-56481-S","TD510-56481"
"TD540-33401-S","TD540-33401"
"TD540-33552-S","TD540-33552"
"TD540-56481-S","TD540-56481"
"TD560-56481-S","TD560-56481"
"TD560-56482-S","TD560-56482"
"TD570-56481-S","TD570-56481"
"TE122-63211-S","TE122-63211"
"TE122-63212-S","TE122-63212"
"TE122-63223-S","TE122-63223"
"TE122-63223-S","TE122-63224"
"TE122-63225-S","TE122-63225"
"TE122-99202-S","TE122-99202"
"TE122-99212-S","TE122-99212"
"TE320-33411-S","TE320-33411"
"TE320-33511-S","TE320-33511"
"TE320-56291-S","TE320-56291"
"TE320-56381-S","TE320-56381"
"V0211-77531-S","V0211-77531"
"V0211-77631-S","V0211-77631"
"V0511-77511-S","V0511-77511"
"V0511-77512-S","V0511-77512"
"V0511-77513-S","V0511-77513"
"V0511-77514-S","V0511-77514"
"V0511-77515-S","V0511-77515"
"V0511-77521-S","V0511-77521"
"V0511-77522-S","V0511-77522"
"V0511-77523-S","V0511-77523"
"V0511-77524-S","V0511-77524"
"V0511-77525-S","V0511-77525"
"V0511-77531-S","V0511-77531"
"V0511-77532-S","V0511-77532"
"V0511-77533-S","V0511-77533"
"V0511-77534-S","V0511-77534"
"V0521-77511-S","V0521-77511"
"V0521-77521-S","V0521-77521"
"V0521-77611-S","V0521-77611"
"V0521-77621-S","V0521-77621"
"V0521-77631-S","V0521-77631"
"V0521-77661-S","V0521-77661"
"V0521-77671-S","V0521-77671"
"V0531-68961-S","V0531-68961"
"V0531-68971-S","V0531-68971"
"V0531-77531-S","V0531-77531"
"V0531-77631-S","V0531-77631"
"V0611-77511-S","V0611-77511"
"V0611-77512-S","V0611-77512"
"V0611-77521-S","V0611-77521"
"V0611-77522-S","V0611-77522"
"V0611-77531-S","V0611-77531"
"V0621-77511-S","V0621-77511"
"V0621-77512-S","V0621-77512"
"V0621-77521-S","V0621-77521"
"V0621-77522-S","V0621-77522"
"V0621-77531-S","V0621-77531"
"V0621-77611-S","V0621-77611"
"V0621-77612-S","V0621-77612"
"V0621-77621-S","V0621-77621"
"V0621-77622-S","V0621-77622"
"V0621-77631-S","V0621-77631"
"V0621-77641-1","V0621-77641"
"V0621-77642-1","V0621-77642"
"V0621-77651-1","V0621-77651"
"V0621-77652-1","V0621-77652"
"V0631-77511-S","V0631-77511"
"V0631-77521-S","V0631-77521"
"V0631-77531-S","V0631-77531"
"V0631-77532-S","V0631-77532"
"V0631-77611-S","V0631-77611"
"V0631-77621-S","V0631-77621"
"V0631-77631-S","V0631-77631"
"V0631-77632-S","V0631-77632"
"V0651-77511-S","V0651-77511"
"V0651-77521-S","V0651-77521"
"V0651-77531-S","V0651-77531"
"V0651-77631-S","V0651-77631"
"V1311-65741-S","V1311-65741"
"V1321-65741-S","V1321-65741"
"V1411-65741-S","V1411-65741"
"V1421-65741-S","V1421-65741"
"YW208-00312-S","YW208-00312"
