"TKHMCD","HMCD"
"RP32C-68621","RP321-68621"
"A40400020","4660007007000"
"A40410010","3641007006000"
"129055-49300-C1","129055-49300"
"RP433-79612","RP431-79612"
"RP437-79612","RP431-79612"
"RP43F-79713","RP431-79713"
"RP43F-79762","RP431-79762"
"RP461-79612","RP431-79612"
"RP461-79761","RP431-79761"
"RP46A-79411","RP461-79411"
"RP46C-79411","RP461-79411"
"198118-48110-49","198118-48110"
"198121-48500","198121-48500-49"
"RP46G-79511","RP461-79511"
"RB513-68813","RB511-68813"
"RB514-92435","RB511-92435"
"RB51A-92435","RB511-92435"
"RC418-64263","RC411-64263"
"RC41A-64264","RC411-64264"
"RD413-79612","RD411-79612"
"198208-48160-49","198208-48160"
"129692-39660-3","129692-39660"
"RD41A-79121","RD411-79121"
"RD41A-92331","RD411-92331"
"RD41B-64262","RD411-64262"
"198253-17700-49","198253-17700"
"198535-48110-49","198535-48110"
"1A7310-49260-49","1A7310-49260"
"1A7340-48380-49","1A7340-48380"
"RC61A-64264","RC611-64264"
"RC61C-64264","RC611-64264"
"RC61G-64264","RC611-64264"
"RC63A-79141","RC631-79141"
"RC63A-79611","RC631-79611"
"RC63A-79711","RC631-79711"
"69171-95274","69181-95274"
"5H601-12171","59700-12171"
"EH601-12151","5H601-12151"
"RB41R-68812","RB411-68812"
"RB41R-92444","RB411-92444"
"5H601-63571","59700-63571"
"RD558-64261","RD551-64261"
"1A7640-48870-49","1A7640-48870"
"RP828-68622","RP821-68622"
"RP828-68632","RP821-68632"
"RP828-79711","RP821-79711"
"RP82A-68641","RP821-68641"
"RD41B-92341","RD411-92341"
"RD41C-79121","RD411-79121"
"RD41C-79122","RD411-79122"
"RD41C-92341","RD411-92341"
"RD41F-79122","RD411-79122"
"RD41R-64262","RD411-64262"
"RD41R-92331","RD411-92331"
"RD43B-79611","RD431-79611"
"RD43D-79741","RD431-79741"
"1A7340-48830-12","1A7340-48830"
"1A7340-49100-49","1A7340-49100"
"1A7640-48350-49","1A7640-48350"
"RP623-68662","RP621-68662"
"RP62B-68611","RP621-68611"
"RP62B-68631","RP621-68631"
"RP62B-79712","RP621-79712"
"RP62F-68621","RP621-68621"
"RP647-68662","RP621-68662"
"RP66A-79511","RP661-79511"
"RA114-44193","RA111-44193"
"RA214-68821","RA211-68821"
"RA215-92442","RA211-92442"
"R2411-68473","68817-68473"
"K771-34432","K7711-34432"
"355400000765000","PH100-76112"
"68843-68472","68849-68472"
"6884A-62144","68847-62144"
"6884C-62144","68847-62144"
"68863-68475","68817-68475"
"68866-68473","68817-68474"
"52300-27333","52300-27334"
"RB051-92435","RB511-92435"
"RB051-92445","RB511-92445"
"RB41B-68622","RB411-68622"
"RB41B-68812","RB411-68812"
"340708580","340708581"
"69638FD600WL","69638FD600"
"1A7330-17720-93","1A7330-17720"
"198253-46480-93","198253-46480"
"RP84B-79741","RP841-79741"
"RP84D-79651","RP841-79651"
"RP84D-79741","RP841-79741"
"198204-89500-49","198204-89500"
"198235-17780-93","198235-17780"
"3100338","3100338990"
"3101220","3101220990"
"3101222","3101222990"
"3101224","3101224990"
"3104966","3104966990"
"4618268","4618268990"
"198280-46500-49","198280-46500"
"198287-89500-49","198287-89500"
"198220-48370","198220-48370-93"
"1A7530-48110-12","1A7530-48110"
"198255-77610","198255-77610-49"
"129972-49311-C1","129972-49311"
"1A7600-48260-49","1A7600-48260"
"172527-77260","172527-77360-A"
"00250-22167","1C040-33063"
"4488460","4488460990"
"1A7470-88100","1A7470-88100-49"
"194765-46650","194765-46650-49"
"194765-48150","194765-48150-49"
"194765-48451","194765-48451-49"
"198360-48170","198360-48170-49"
"355400000766000","PH100-76121"
"198448-48912","198448-48912-49"
"1A7450-48110","1A7450-48110-49"
"69638FM410WL","69638FM410"
"RA707-44192","RA028-44192"
"174845-48070","174845-48070-49"
"174845-48830","174845-48830-49"
"69253GB000WL","69253GB000"
"194195-48111","194195-48111-12"
"1A7670-17710-49","1A7670-17710"
"69638FM460WL","69638FM460"
"69631GL11AWL","69631GL11A"
"RD45Y-92982","RD458-92982"
"RD55Y-92342","RD551-92342"
"5K262-11653","53696-11655"
"RD80R-68871","RD809-68871"
"RD80R-68431","RD809-68431"
"1A7610-19100-X1","1A7610-19100"
"198071-72650-C1","198071-72650"
"69638GL13CWL","69638GL13C"
"69611GL20AWL","69611GL20A"
"69638GH16AWL","69638GH16A"
"RP323-92951","RP321-92951"
"RP84G-78651","RP841-78651"
"RD45P-64331","RD451-64331"
"RD45P-92342","RD451-92342"
"RD45P-92441","RD451-92441"
"RD45P-92972","RD458-92972"
"RD55P-92662","RD558-92662"
"RD55P-92672","RD558-92672"
"17504FC004WL","17504FC004"
"RP843-78651","RP841-78651"
"RD45R-92662","RD458-92662"
"RP82A-92973","RP821-92973"
"RB51P-92435","RB511-92435"
"RD45B-79615","RD451-79615"
"RB41N-92434","RB411-92434"
"69141GL10AWL","69141GL10A"
"69664GL10AWL","69664GL10A"
"69664GL11AWL","69664GL11A"
"1A7510-48601-12","1A7510-48601"
"RB41R-92445","RB411-92444"
"17504FJ213WL","17504FJ213"
"RP475-68643","RP471-68643"
"RC63B-79141","RC631-79141"
"RB51P-92445","RB511-92445"
"RP47G-68613","RP471-68613"
"RP47C-68643","RP471-68643"
"RP47F-68643","RP471-68643"
"RP47G-79714","RP471-79714"
"69350FJ100WL","69350FJ100"
"RC68J-92331","RC681-92331"
"RP32F-68611","RP321-68611"
"RD45B-79614","RD451-79614"
"RD45A-64175","RD451-64175"
"RD45D-64261","RD451-64261"
"RD45A-64331","RD451-64331"
"RP473-68613","RP471-68613"
"RP843-68612","RP821-68612"
"RP843-68622","RP821-68622"
"69655FL13AWL","69655FL13A"
"RD55Y-79611","RD551-79611"
"340615131","340615111-AA"
"RD56P-64171","RD568-64171"
"RD55D-92432","RD551-92432"
"RD55B-64261","RD551-64261"
"RD55B-92441","RD551-92441"
"27068GN10AWL","27068GN10A"
"RP85G-64371","RP851-64371"
"69638GL32BWL","69638GL32B"
"RP85K-68612","RP851-68612"
"RP85D-68612","RP851-68612"
"RP47K-68622","RP471-68622"
"RD55P-92692","RD558-92672"
"RP82J-68612","RP821-68612"
"RC61J-64264","RC611-64264"
"RB41J-68812","RB411-68812"
"RP85F-79741","RP851-79741"
"RP85G-79741","RP851-79741"
"RP85J-79741","RP851-79741"
"RC66J-79551","RC661-79551"
"RD56P-64181","RD568-64171"
"RD55Y-92663","RD558-92663"
"RP47K-68643","RP471-68643"
"RD45P-64341","RD451-64331"
"RD45P-92352","RD451-92332"
"RD45P-92451","RD451-92431"
"RD45P-92461","RD451-92441"
"RD45P-92962","RD458-92982"
"RP82K-68632","RP821-68632"
"RP84K-78651","RP841-78651"
"RP84K-79741","RP841-79741"
"RP85F-68621","RP851-68621"
"RP85K-68621","RP851-68621"
"RP85B-92971","RP851-92971"
"RP85C-92971","RP851-92971"
"RP85C-68661","RP851-68661"
"RP85J-68661","RP851-68661"
"RP85C-92331","RP851-92331"
"RP85D-92331","RP851-92331"
"RC68A-92332","RC681-92332"
"RC688-92332","RC681-92332"
"RC78B-64171","RC788-64171"
"RC78B-92321","RC781-92321"
"RC78D-92321","RC781-92321"
"815139-02","8051329-02"
"RC68B-64331","RC681-64331"
"RC68J-79611","RC681-79611"
"RD43F-79122","RD411-79122"
"RD451-64176","RD451-64176-KCW"
"RD45J-64261","RD451-64261"
"RD45J-92431","RD451-92431"
"RP85B-79743","RP851-79743"
"RP85G-79743","RP851-79743"
"YD40002772A001","YD40002772993"
"YD40002850A001","YD40002850993"
"8108666XXXA001","8108666993"
"8122622XXXA001","8122622993"
"7038940XXXA001","7038940993"
"7040275","7040275990"
"9750867","9750867990"
"9753654","9753654990"
"9754852","9754852990"
"YD40002210A001","YD40002210993"
"YD40002591A001","YD40002591993"
"YD40002610A001","YD40002610993"
"4487719","4487719990"
"8087569XXXA001","8087569993"
"8098284XXXA001","8098284993"
"172A55-13700-5E","172A55-13700"
"8081379XXXA001","8081379993"
"8087098","8087098990"
"8093078XXXA001","8093078993"
"4460237","4460237990"
"9768359","9768359990"
"7043437XXXA001","7043437993"
"RP47D-68632","RP471-68632"
"9773012XXXA001","9773012993"
"YD00004055A001","YD00004055993"
"YD40000609A001","YD40000609993"
"YD40001021A001","YD40001021993"
"8087252XXXA001","8087252993"
"8072365XXXA001","8072365993"
"8100339XXXA001","8100339993"
"8102267XXXA001","8102267993"
"8050811XXXA002","8050811993"
"8072964XXXA001","8072964993"
"8075555","8075555990"
"8077058","8077058990"
"8077348XXXA001","8077348993"
"R1431-62111-10A","R1411-07102"
"9755261XXXA001","9755261993"
"9756429XXXA001","9756429993"
"9760053XXXA001","9760053993"
"8104612XXXA001","8104612993"
"8104722XXXA001","8104722993"
"YD40001489A001","YD40001489993"
"9762264XXXA001","9762264993"
"YD40001625A001","YD40001625993"
"YD40001628A001","YD40001628993"
"YD40002210","YD40002210990"
"8088688XXXA001","8088688993"
"YD40005581","YD40005581990"
"8098281XXXA001","8098281993"
"YD40000361A001","YD40000361993"
"RC78T-92681","RC789-92681"
"RC78T-64332","RC788-64332"
"RC78Y-92331","RC789-92331"
"RC78T-92691","RC789-92691"
"YD40001229","YD40001229990"
"RD55K-79611","RD551-79611"
"PK201-42271","PK401-42272"
"6981BAB201WL","6981BAB201"
"6981CAB211WL","6981CAB211"
"YD40003652A001","YD40003652993"
"RP85B-79742","RP851-79742"
"RP85G-79742","RP851-79742"
"5H945-1211-4-19","5H881-12119-19"
"8077347XXA001","8077347993"
"8078418","8078418990"
"3872141920","38721-4192-1S"
"7053868XXXA001","7053868993"
"V051S-77534","V0511-77534"
"V063S-77611","V0631-77611"
"8110344","8110344990"
"8090353","8090353990"
"8108949XXXA001","8108949993"
"YD40003299A001","YD40003299993"
"8092770XXXA001","8092770993"
"YD40003581A001","YD40003581993"
"RD80S-64331","RD809-64331"
"RD80S-92631","RD809-92631"
"3C774-82853","3C082-82855"
"RC41A-64265","RC411-64265"
"RD45S-64331","RD451-64331"
"5H945-1211-3-37","5H945-1211-2-37"
"5H945-1211-1-15","5H881-12118-15"
"5H945-1211-1-19","5H881-12119-19"
"RC68J-92471","RC681-92471"
"RC78B-92471","RC781-92471"
"RC78D-92471","RC781-92471"
"YD40003553A001","YD40003553993"
"YD40003767A001","YD40003767993"
"3872141430-1S","38721-4143-1S"
"YD40003612A001","YD40003612993"
"YD40004278A001","YD40004278993"
"YD40004415A001","YD40004415993"
"YD40005122A001","YD40005122993"
"YD40005123A001","YD40005123993"
"RC78T-64361","RC789-64361"
"YD40007299A001","YD40007299"
"YD40007135A001","YD40007135"
"8104409XXXA001","8104409993"
"YD40002953A001","YD40002953993"
"YD40007136A001","YD40007136"
"YD40007276A001","YD40007276"
"3873224270","38732-2427"
"3875327060","38753-2706"
"8082180XXXA001","8082180993"
"RD80Y-68841","RD809-68841"
"3875221920","38752-2192"
"RP47K-68644","RP471-68644"
"RP47B-68614","RP471-68614"
"RP473-68614","RP471-68614"
"119852-49300-YR","119852-49300"
"129023-13830-YR","129023-13830"
"YD40005846A001","YD40005846"
"YD40005019A001","YD40005019"
"YD40005018A001","YD40005018"
"A52100361","A52100371"
"YA00061783","YA00061783-1S"
"YA00061784","YA00061784-1S"
"RB46A-68621","RB461-68621"
"RB46B-68621","RB461-68621"
"RB56D-68811","RB561-68811"
"RB46B-68811","RB461-68811"
"RB46C-68621","RB461-68621"
"RB46G-68811","RB461-68811"
"8118721","8118721_0010-0010"
"YD40006406A001","YD40006406"
"129C26-49300-YQ","129C26-49300"
"3873220680","38732-2068"
"RB46G-92441","RB461-92441"
"YD40005095A001","YD40005095"
"0644J-88978","50015-26060-0"
"YD40000610_0010-0010","YD40000610993"
"119717-35080-YQ","119717-35080"
"3873231870","38732-3187"
"YD40006647A001","YD40006647"
"RC78Y-92332","RC789-92332"
"129C00-49700-YR","129C00-49700"
"119852-49300-C1","119852-49300"
"RP32A-68621","RP321-68621"
"RP32A-68661","RP321-68661"
"RP32C-68611","RP321-68611"
"RP32D-68651","RP321-68651"
"RD80W-68831","RD809-68831"
"124772-59810-3","124772-59810"
"RP438-79761","RP431-79761"
"RP43C-79612","RP431-79612"
"RP43G-79762","RP431-79762"
"RP46B-79663","RP461-79663"
"TA120-16413-13","TA120-16413"
"RB519-92444","RB511-92444"
"RC418-64264","RC411-64264"
"RD413-64331","RD411-64331"
"RD414-92442","RD411-92442"
"53981-11232","53961-11235"
"198220-48101-93","198220-48101"
"5H632-26562-6","5H632-26561-6"
"RD418-92441","RD411-92441"
"RD41A-64331","RD411-64331"
"RD41A-92973","RD411-92973"
"1A7280-49100-49","1A7280-49100"
"1A7340-48110-49","1A7340-48110"
"1A7340-48250-49","1A7340-48250"
"RC614-64264","RC611-64264"
"RD118-64331","RD411-64331"
"RD118-92341","RD411-92341"
"1A7640-72650-C1","1A7640-72650"
"1A7650-48870-49","1A7650-48870"
"RP82A-68651","RP821-68651"
"RA019-44191","69191-44191"
"RD41D-64331","RD411-64331"
"RD41G-64262","RD411-64262"
"RD41G-92973","RD411-92973"
"RD41R-64331","RD411-64331"
"RD437-79121","RD411-79121"
"RD518-64261","RD511-64261"
"1A7340-48810-12","1A7340-48810"
"1A7450-17750","1A7450-17750-49"
"RD80R-92631","RD809-92631"
"RD80T-68831","RD809-68831"
"RP62A-68662","RP621-68662"
"RP62C-68621","RP621-68621"
"RP62C-79712","RP621-79712"
"RP62D-68652","RP621-68652"
"RP62F-68662","RP621-68662"
"RP647-68621","RP621-68621"
"RP66C-79511","RP661-79511"
"222550570","222550060"
"222550600","222550170"
"RA214-68811","RA211-68811"
"RA214-92442","RA211-92442"
"RA215-68821","RA211-68821"
"RA215-92432","RA211-92432"
"RA902-68821","RA211-68821"
"RA904-92442","RA211-92442"
"310K671200101","5H215-67121"
"5K262-11654","53696-11656"
"68847-68472","68849-68472"
"RB419-92434","RB411-92434"
"RB41B-92434","RB411-92434"
"RB41C-92434","RB411-92434"
"5H281-67122","5H215-67122"
"145986330","16241-05551-10"
"RP84A-79741","RP841-79741"
"RP84C-79651","RP841-79651"
"RP84G-79651","RP841-79651"
"3101951","3101951990"
"3104964","3104964990"
"6023283","6023283993"
"7047013","7047013993"
"198280-49100-49","198280-49100"
"1A7510-48610-12","1A7510-48610"
"194556-17810","194556-17810-49"
"198208-89510-49","198208-89510"
"198133-48511","198133-48511-49"
"RP82D-68632","RP821-68632"
"RP82G-68622","RP821-68622"
"RP83B-79611","RP831-79611"
"RP841-79611","RP821-79611"
"1A7530-48610-12","1A7530-48610"
"70765-58854","70765-58254"
"1A7500-48600-12","1A7500-48600"
"1A7500-48630-12","1A7500-48630"
"172527-76710","172527-76510"
"172527-77360","172527-77360-A"
"172528-77360","172528-77360-A"
"07080-36491","K1310-36491-1"
"198071-48110","198071-48110-49"
"194765-17710","194765-17710-49"
"198448-48281","198448-48281-49"
"198448-48350","198448-48350-49"
"1A7450-48940","1A7450-48940-49"
"69630GC30BWL","69630GC30B"
"1773-508-410-0","1772-508-210-0"
"1A7450-48440","1A7450-48440-49"
"1A7710-01300-49","1A7710-01300"
"RD55Y-92431","RD551-92431"
"RD55Y-92662","RD558-92662"
"RD35R-92982","RD358-92982"
"5K262-11651","53696-11653"
"09341E06002-001","09341-06002-000"
"RD80R-68881","RD809-68881"
"RD80R-68421","RD809-68421"
"1746-508-520-0","1746-508-210-0"
"198240-04760-YH","198240-04760-12"
"RB443-68812","RB411-68812"
"3C774-82741","3C794-82741"
"RB41Y-68622","RB411-68622"
"RD45P-64261","RD451-64261"
"RD45P-92662","RD458-92662"
"RP473-92762","RP471-92762"
"RD55R-92662","RD558-92662"
"RD35R-92983","RD358-92983"
"RP47A-68613","RP471-68613"
"RP82F-68632","RP821-68632"
"RP82F-68641","RP821-68641"
"RP84F-79741","RP841-79741"
"RB41R-68623","RB411-68622"
"RB51R-68814","RB511-68813"
"RD41R-64263","RD411-64262"
"RD41R-92332","RD411-92331"
"17504FJ211WL","17504FJ211"
"RP475-68632","RP471-68632"
"RC63C-79141","RC631-79141"
"362740D3","362740C3"
"RB41N-68622","RB411-68622"
"RP47B-68613","RP471-68613"
"RP47G-68622","RP471-68622"
"RP47B-79714","RP471-79714"
"RP67A-79713","RP671-79713"
"RD41R-92443","RD411-92442"
"362787B4","362787A4"
"A372061A2","372061A2"
"RP323-68631","RP321-68631"
"69350FJ111WL","69350FJ111"
"69350FL100WL","69350FL100"
"RD45B-92431","RD451-92431"
"RD45B-92342","RD451-92342"
"RD45C-64331","RD451-64331"
"RP473-68622","RP471-68622"
"RP473-79714","RP471-79714"
"194065-38470-L7","194065-38470"
"RD458-92431","RD451-92431"
"RD46G-64261","RD461-64261"
"RD46B-64171","RD461-64171"
"5J935-25551","5H591-25551"
"RB41J-92434","RB411-92434"
"340615100","340615080-AA"
"RD55J-79611","RD551-79611"
"RD55D-92442","RD551-92442"
"RD55D-92971","RD551-92971"
"RD55J-92332","RD551-92332"
"RD55B-92332","RD551-92332"
"RP85A-64371","RP851-64371"
"1A8060-88600-1L","1A8060-88600-13"
"1A8060-49500-1L","1A8060-49500-13"
"RP85F-68612","RP851-68612"
"RD55P-92442","RD551-92442"
"RD55Y-92442","RD551-92442"
"RD55Y-92432","RD551-92432"
"RP47J-68632","RP471-68632"
"69661GG00AWL","69661GG00A"
"RP84J-78651","RP841-78651"
"RP82J-68662","RP821-68662"
"RP32J-68611","RP321-68611"
"RP32J-68631","RP321-68631"
"RB41J-68622","RB411-68622"
"172730-75141-YH","172730-75141"
"RP85F-79611","RP851-79611"
"RP85K-79611","RP851-79611"
"RP85D-68611","RP851-68611"
"RP85F-68611","RP851-68611"
"RP85A-79741","RP851-79741"
"RP85B-79741","RP851-79741"
"RP85K-79741","RP851-79741"
"RD55P-92683","RD558-92663"
"RB51P-68823","RB511-68813"
"RD45P-92952","RD458-92972"
"RP82K-68641","RP821-68641"
"RP85A-64171","RP851-64171"
"RP85A-64631","RP851-64631"
"RP85A-68651","RP851-68651"
"RP85G-68651","RP851-68651"
"RP853-68621","RP851-68621"
"RP85K-92971","RP851-92971"
"RP85A-68661","RP851-68661"
"RP85G-68661","RP851-68661"
"RP85K-68661","RP851-68661"
"RP85A-64641","RP851-64641"
"RP85F-64641","RP851-64641"
"RP85B-92331","RP851-92331"
"RC68B-92322","RC681-92322"
"RC688-92322","RC681-92322"
"RC68D-64261","RC681-64261"
"RC68J-64261","RC681-64261"
"RD458-79615","RD451-79615"
"RP47A-92762","RP471-92762"
"RD45B-64176","RD451-64176"
"129978-59180-C1","129978-59180"
"129978-59180-C2","129978-59180"
"362793B3","362793A3"
"8115838XXXA001","8115838993"
"8123112XXXA001","8123112993"
"9763403XXXA001","9763403993"
"9763423XXXA001","9763423993"
"8109501XXXA001","8109501993"
"8119141XXXA001","8119141993"
"8124677XXXA001","8124677993"
"9754873XXXA001","9754873993"
"4434419","4434419990"
"YD40002670A001","YD40002670993"
"YD40002688A001","YD40002688993"
"YD40002701A001","YD40002701993"
"8095280","8095280990"
"4460236","4460236990"
"8101786XXXA001","8101786993"
"YD40000357A001","YD40000357993"
"YD40001023A001","YD40001023993"
"8097529XXXA001","8097529993"
"8098081XXXA001","8098081993"
"8103062XXXA001","8103062993"
"8105872XXXA001","8105872993"
"8100345XXXA001","8100345993"
"4629386XXXA001","4629386993"
"8073980XXXA001","8073980993"
"8078201XXXA001","8078201993"
"8106518XXXA001","8106518993"
"3072188XXXA001","3072188993"
"8108564XXXA001","8108564993"
"8108608XXXA001","8108608993"
"YD40001616A001","YD40001616993"
"YD40001700A001","YD40001700993"
"YD40001624A001","YD40001624993"
"YD40001627A001","YD40001627993"
"6981B-AB201WL","6981B-AB201"
"YD40002362A001","YD40002362993"
"RP47D-68643","RP471-68643"
"RC78T-64261","RC789-64261"
"8114970XXXA001","8114970993"
"8118617XXXA001","8118617993"
"8072805XXXA001","8072805993"
"8072806XXXA001","8072806993"
"9763010XXXA001","9763010993"
"1A8411-48810-1L","1A8411-48810-12"
"3875222970","38752-2297"
"3877546820","38775-4682"
"RP67B-92972","RP671-92972"
"RP67J-92972","RP671-92972"
"3872141430","38721-4143-1S"
"4410600XXXA001","4410600993"
"3083109XXXA001","3083109993"
"6023171XXXA001","6023171993"
"7040475XXXA001","7040475993"
"8093473XXXA001","8093473993"
"8098332XXXA001","8098332993"
"8105675XXXA001","8105675993"
"RD15S-92991","RD158-92991"
"RD15S-64261","RD158-64261"
"V052S-77511","V0521-77511"
"V063S-77741","V0631-77741"
"8109922XXXA001","8109922993"
"8088378XXXA001","8088378993"
"8090144","8090144990"
"YD40003300A001","YD40003300993"
"YD40003303A001","YD40003303993"
"YD40003337A001","YD40003337993"
"YD40003400A001","YD40003400993"
"YD40003405A001","YD40003405993"
"RD55T-92673","RD558-92673"
"RD55T-92663","RD558-92663"
"RD45T-64331","RD451-64331"
"RC61D-64265","RC611-64265"
"RC61J-64265","RC611-64265"
"RC68A-64332","RC681-64332"
"RC68J-64332","RC681-64332"
"RC688-64332","RC681-64332"
"RD45S-92972","RD458-92972"
"RD45T-92972","RD458-92972"
"5H945-1211-4-37","5H945-1211-2-37"
"YD40000358A001","YD40000358993"
"RC68D-92471","RC681-92471"
"RC78A-92471","RC781-92471"
"YD40002855A001","YD40002855993"
"YD40003579A001","YD40003579993"
"YD40003813A001","YD40003813993"
"YD40003972A001","YD40003972993"
"YD40004365A001","YD40004365993"
"YD40004897A001","YD40004897993"
"3095698","3095698990"
"1A8330-24350-YH","1A8330-24350"
"RD35-S92973","RD358-92973"
"3875420240","38754-2024"
"YD40003585A001","YD40003585993"
"8110872","8110872990"
"YD40003869A001","YD40003869993"
"YD40003971A001","YD40003971993"
"YD40004200","YD40004200990"
"RC78T-79611","RC789-79611"
"YD40007306A001","YD40007306"
"YD40007310A001","YD40007310"
"YD40006961A001","YD40006961"
"YD40006399A001","YD40006399"
"RC69C-79611","RC691-79611"
"YD40006955A001","YD40006955"
"RA057-44192","RA028-44192"
"62J6111314A001","62J6111314"
"62J6411113A001","62J641-1113"
"RP47D-68614","RP471-68614"
"RP475-68614","RP471-68614"
"129E43-49770-YR","129E43-49770"
"YD40006405A001","YD40006405"
"32741-3672-4-07","32741-39791"
"YD40005009A001","YD40005009"
"YA00091289A001","YA00091289"
"RB56A-68811","RB561-68811"
"RB56J-68811","RB561-68811"
"RB46G-68621","RB461-68621"
"RB46C-68811","RB461-68811"
"3877544990","38775-4499"
"3875820030","38758-2003"
"YD00012271A001","YD00012271"
"RB46C-79921","RB461-79921"
"RB46J-79921","RB461-79921"
"YD00010089","YD00010089990"
"8084836XXXA001","8084836"
"126689-11050-3","126689-11050"
"RD57S-92661","RD579-92661"
"RD57T-79611","RD579-79611"
"A16-07850-09","A16-07850"
"YA40052886A001","YA40052886"
"119515-35080-YQ","119515-35080"
"RC78Y-79611","RC789-79611"
"RC78Y-79741","RC789-79741"
"YD40005974A001","YD40005974"
"YD40007382A001","YD40007382"
"RC78Y-92323","RC789-92323"
"5347-0305-000-01","5347-0305-000-00"
"YD40007143A001","YD40007143"
"YD40007170A001","YD40007170"
"172B11-76720-5D","172B11-76720"
"1A7710-89500-49","1A7710-89500"
"1C1100-21560-49","1C1100-21560"
"RP32B-68651","RP321-68651"
"RP32C-68651","RP321-68651"
"RP32C-68661","RP321-68661"
"RP32D-68611","RP321-68611"
"A40550010","4660021005000"
"124772-59820-3","124772-59820"
"RP433-79761","RP431-79761"
"RP438-79612","RP431-79612"
"RP43A-79713","RP431-79713"
"RP43B-79761","RP431-79761"
"RP43C-79713","RP431-79713"
"RP43F-79612","RP431-79612"
"RP43F-79761","RP431-79761"
"RP46D-79662","RP461-79662"
"198072-48110","198072-48110-49"
"RP46G-79411","RP461-79411"
"RB513-92444","RB511-92444"
"RB514-68813","RB511-68813"
"RB514-92445","RB511-92445"
"RB519-68813","RB511-68813"
"RB51B-68813","RB511-68813"
"RD413-79761","RD411-79761"
"RD413-92341","RD411-92341"
"RD414-64331","RD411-64331"
"RD414-79613","RD411-79613"
"RD414-92341","RD411-92341"
"RD414-92432","RD411-92432"
"RB51C-92435","RB511-92435"
"RB51C-92445","RB511-92445"
"RB51R-92445","RB511-92445"
"198190-48110","198190-48110-49"
"RD418-92432","RD411-92432"
"198253-17750-93","198253-17750"
"1A7000-48110-49","1A7000-48110"
"1A7270-48270-49","1A7270-48270"
"1A7280-49260-49","1A7280-49260"
"1A7340-48430-49","1A7340-48430"
"RC631-09321","RC611-64264"
"RC661-79611","RC631-79611"
"69179-65343","69181-65343"
"RD45R-92671","RD458-92671"
"1A7650-17710-49","1A7650-17710"
"1A7650-48260-49","1A7650-48260"
"1A7650-48830-49","1A7650-48830"
"T46600314","4660007201000"
"RP828-79611","RP821-79611"
"RP82C-68662","RP821-68662"
"RD41B-92432","RD411-92432"
"RD41B-92973","RD411-92973"
"RD41D-64262","RD411-64262"
"RD41D-92341","RD411-92341"
"RD41D-92432","RD411-92432"
"RD41F-79121","RD411-79121"
"1A7340-48570-49","1A7340-48570"
"1A7400-33250","1A7400-33250-49"
"1A7640-17710-49","1A7640-17710"
"1A7640-48260-49","1A7640-48260"
"1A7640-48300-49","1A7640-48300"
"1A7640-48830-49","1A7640-48830"
"RD80T-68421","RD809-68421"
"RD80T-68841","RD809-68841"
"RP623-68641","RP621-68641"
"RP623-68652","RP621-68652"
"RP62A-68652","RP621-68652"
"RP62A-79712","RP621-79712"
"RP62C-68652","RP621-68652"
"RP62C-68662","RP621-68662"
"RP62G-68621","RP621-68621"
"RP66D-79511","RP661-79511"
"PF801-75782","LLA-U-12ZMC3"
"RA212-68811","RA211-68811"
"RA213-68811","RA211-68811"
"RA216-68821","RA211-68821"
"RA902-68811","RA211-68811"
"51950-18531-00","51950-18531"
"7J614-69472","7J614-68472"
"44568-75471","44568-75432"
"68841-62144","68847-62144"
"68847-68473","68849-68473"
"68866-68475","68817-68475"
"68866-68476","68817-68476"
"RB041-68622","RB411-68622"
"RB414-68622","RB411-68622"
"RB41A-92434","RB411-92434"
"69638FC60AWL","69638FC60A"
"198071-48250-49","198071-48250"
"R1301-62143","68847-62143"
"198200-48160-49","198200-48160"
"198204-89510-49","198204-89510"
"4615139","4615139990"
"6023171","6023171993"
"198448-48410-X1","198448-48410"
"198220-48340","198220-48340-93"
"198133-48411","198133-48411-49"
"RD45G-64331","RD451-64331"
"RD558-92442","RD551-92442"
"1A7450-48251-49","1A7450-48251"
"198448-48490-49","198448-48490"
"1A7530-48320-12","1A7530-48320"
"1A7530-48600-12","1A7530-48600"
"1A7530-48630-12","1A7530-48630"
"70764-60113","70760-60113"
"174520-63252","174520-63252-39"
"194765-46430","194765-46430-49"
"118200-59820-YL","118200-59820"
"RP321-62119-900","RP321-07533"
"1A7340-48600-49","1A7340-48600"
"194432-48240-12","194432-48240"
"194555-48250","194555-48250-49"
"198460-46200","198460-46200-49"
"198460-46240","198460-46240-49"
"1A7450-48850","1A7450-48850-49"
"194765-17770","194765-17770-49"
"174810-46660-49","174810-46660"
"1A7710-48170-49","1A7710-48170"
"RD55Y-92332","RD551-92332"
"RB411-62122-200A","RB411-07572"
"RD55R-92342","RD551-92342"
"243406K262WL","243406K262"
"RD80R-68841","RD809-68841"
"69638GL10CWL","69638GL10C"
"69638GL11AWL","69638GL11A"
"69350GL00AWL","69350GL00A"
"RP323-68661","RP321-68661"
"1A8300-48600-YA","1A8300-48600-12"
"RB51Y-92435","RB511-92435"
"RB51Y-92445","RB511-92445"
"RD45P-92672","RD458-92672"
"RD55P-92342","RD551-92342"
"RD55P-92431","RD551-92431"
"RD55P-92441","RD551-92441"
"RP473-92982","RP471-92972"
"RP473-92971","RD451-92971"
"17504FC003WL","17504FC003"
"69253FL000WL","69253FL000"
"RD80P-92342","RD809-92342"
"RD45A-64176","RD451-64176"
"RD45A-79615","RD451-79615"
"49455FK100WL","49455FK100"
"21621FK101WL","21621FK101"
"RP47A-68632","RP471-68632"
"RB41R-92435","RB411-92434"
"RP47G-68632","RP471-68632"
"RP47B-68643","RP471-68643"
"RP67G-79713","RP671-79713"
"362763C3","362763B3"
"RP32F-68661","RP321-68661"
"RC68A-92321","RC681-92321"
"RP32F-68631","RP321-68631"
"RD45B-92441","RD451-92441"
"RD45B-64261","RD451-64261"
"RD45A-79614","RD451-79614"
"RD45C-92332","RD451-92332"
"RP673-79713","RP671-79713"
"RP843-68651","RP821-68651"
"RD458-92342","RD451-92342"
"RD46J-64261","RD461-64261"
"RD46D-64261","RD461-64261"
"RD46A-64261","RD461-64261"
"RP32K-68631","RP321-68631"
"RP32K-68651","RP321-68651"
"340615070","340615050-AA"
"RD558-79611","RD551-79611"
"RD55B-92442","RD551-92442"
"RD55J-92342","RD551-92342"
"69664GL00BWL","69664GL00B"
"RD558-92342-KCW","RD551-92342-KCW"
"17270GN00AWL","17270GN00A"
"RP85B-64371","RP851-64371"
"RP85J-64371","RP851-64371"
"RD55P-92452","RD551-92432"
"RD55P-64271","RD551-64261"
"RP67J-79713","RP671-79713"
"370589B3","370589A3"
"RP47J-79714","RP471-79714"
"RP84J-79741","RP841-79741"
"RP85A-79611","RP851-79611"
"RP853-79611","RP851-79611"
"RP85A-68611","RP851-68611"
"RP85B-68611","RP851-68611"
"RP85D-79741","RP851-79741"
"R1431-62111-11","R1411-07112"
"R1431-62111-9","R1411-07092"
"RD82P-92332","RD809-92332"
"RD55Y-92673","RD558-92673"
"RD55P-92673","RD558-92673"
"RD55P-92693","RD558-92673"
"RP82K-68622","RP821-68622"
"RP853-64171","RP851-64171"
"RP85C-64171","RP851-64171"
"RP85J-64171","RP851-64171"
"RP85C-64631","RP851-64631"
"RP85F-64631","RP851-64631"
"RP85F-68651","RP851-68651"
"RP85C-68621","RP851-68621"
"RP85J-92971","RP851-92971"
"RP853-92341","RP851-92341"
"RP85F-92341","RP851-92341"
"RP85J-92341","RP851-92341"
"RP853-64641","RP851-64641"
"RP85C-64641","RP851-64641"
"RP85A-92331","RP851-92331"
"RC78A-64261","RC788-64261"
"RC781-64261","RC788-64261"
"RC78A-64171","RC788-64171"
"RC78A-92321","RC781-92321"
"340702621","340702601-AA"
"RD45J-92441","RD451-92441"
"RP85A-79743","RP851-79743"
"RP85J-79743","RP851-79743"
"RP85K-79743","RP851-79743"
"8117985XXXA001","8117985993"
"8118721XXXA001","8118721993"
"9749771XXXA001","9749771993"
"YD40002784A001","YD40002784993"
"YD40002785A001","YD40002785993"
"YD40002786A001","YD40002786993"
"7034927","7034927990"
"7042087XXXA001","7042087993"
"8123437","8123437990"
"9748989XXXA001","9748989993"
"9753769","9753769990"
"9755317","9755317990"
"YD40002547A001","YD40002547993"
"YD40002593A001","YD40002593993"
"YD40002669A001","YD40002669993"
"YD40002686A001","YD40002686993"
"YD40002689A001","YD40002689993"
"YD40002702A001","YD40002702993"
"YD40002767A001","YD40002767993"
"8082196XXXA001","8082196993"
"8096352XXXA001","8096352993"
"8098461XXXA001","8098461993"
"8098463XXXA001","8098463993"
"4460235","4460235990"
"8087503","8087503990"
"8100338XXXA001","8100338993"
"8100540XXXA001","8100540993"
"8105829XXXA001","8105829993"
"YD40000139A001","YD40000139993"
"YD40001116A001","YD40001116993"
"YD40001199A001","YD40001199993"
"8096271","8096271990"
"8104747XXXA001","8104747993"
"8106020","8106020990"
"7053867XXXA001","7053867993"
"7055796XXXA001","7055796993"
"7055797XXXA001","7055797993"
"4412366XXXA001","4412366993"
"8072807XXXA001","8072807993"
"YD40001361A001","YD40001361993"
"9766946XXXA00","9766946993"
"YD40003712","YD40003712990"
"8090571XXXA001","8090571993"
"8094571XXXA001","8094571993"
"V0521-77681","V0511-77533"
"6981B-AB231WL","6981B-AB231"
"YD40002148A001","YD40002148993"
"RC78T-92971","RC789-92971"
"8113746","8113746990"
"8117783","8117783990"
"8112887XXXA001","8112887993"
"8096033","8096033990"
"8072963XXXA001","8072963993"
"RD45K-64331","RD451-64331"
"01350-63316","48280-63316"
"RD80T-64331","RD809-64331"
"8118619XXXA001","8118619993"
"RD56S-92991","RD568-92991"
"RP85A-79742","RP851-79742"
"RP85F-79742","RP851-79742"
"9761413XXXA001","9761413993"
"1A8411-49100-1L","1A8411-49100-12"
"RP67C-92972","RP671-92972"
"3877543910","38775-4391"
"7046836XXXA001","7046836993"
"8099013XXXA001","8099013993"
"8102269XXXA001","8102269993"
"8104611XXXA001","8104611993"
"8108659XXXA001","8108659993"
"8108663XXXA001","8108663993"
"8108664XXXA001","8108664993"
"V052S-77711","V0521-77711"
"V052S-77811","V0521-77811"
"V052S-77821","V0521-77821"
"V063S-77731","V0631-77731"
"9772306XXXA001","9772306993"
"8108665XXXA001","8108665993"
"YD40003218A001","YD40003218993"
"YD40003302A001","YD40003302993"
"3872142540-1S","38721-4254-1S"
"187A19-56510-JC","187A19-56510"
"198208-59510-49","198208-89510"
"RD55S-92432","RD551-92432"
"RD55T-92432","RD551-92432"
"RD55T-92342","RD551-92342"
"RD55T-92332","RD551-92332"
"RD45T-66331","RD451-64331"
"RD45S-92631","RD458-92631"
"1A8060-04351-1L","1A8060-04351-13"
"YD40000360A001","YD40000360993"
"YD40001019A001","YD40001019993"
"YD40001663A001","YD40001663993"
"YD40002315A001","YD40002315993"
"RP471-4592-1","RP471-45921-3"
"R2431-68476","68817-68476"
"RC688-92471","RC681-92471"
"RC68A-92471","RC681-92471"
"YD40002545A001","YD40002545993"
"YD40002544A001","YD40002544993"
"YD40002584A001","YD40002584993"
"YD40002672A001","YD40002672993"
"YD40003571A001","YD40003571993"
"YD40003756A001","YD40003756993"
"YD40003975A001","YD40003975993"
"RD45T-92982","RD458-92982"
"8117602XXXA001","8117602993"
"YD40004134A001","YD40004134993"
"YD40004271A001","YD40004271993"
"YD40004277A001","YD40004277993"
"YD40005765A001","YD40005765993"
"YD40005764A001","YD40005764993"
"8117988XXXA001","8117988993"
"41650-009490-3","41650-009490"
"YD40007307A001","YD40007307"
"YD40007274A001","YD40007274"
"YD40007275A001","YD40007275"
"RD37S-64261","RD379-64261"
"RC68C-92332","RC681-92332"
"RC68C-64332","RC681-64332"
"A52100423","A52100433"
"3873231330","38732-3133"
"YD00010994A001","YD00010994"
"172A69-76680-5D","172A69-76680"
"YD40006692A001","YD40006692"
"YD40003723A001","YD40003723993"
"RP47B-68644","RP471-68644"
"RP47F-68644","RP471-68644"
"RP47J-68644","RP471-68644"
"129C20-49790-YR","129C20-49790"
"YD40001474","YD40001474993"
"YD40006315A001","YD40006315"
"YA40057678A001","YA40057678"
"RB56G-68811","RB561-68811"
"RB46D-68621","RB461-68621"
"RC69J-64171","RC691-64171"
"RC78Y-92322","RC789-92322"
"YD40006314A001","YD40006314"
"YD40006407A001","YD40006407"
"RC69B-64171","RC691-64171"
"RB46B-79921","RB461-79921"
"62J1712122A001","62J1712122"
"198448-04250-3C","198448-04250"
"RD57T-64261","RD579-64261"
"RD57Y-64261","RD579-64261"
"RD57Y-79611","RD579-79611"
"3873232160","38732-3216"
"119751-35080-YQ","119751-35080"
"YD40006649A001","YD40006649"
"RC78S-92322","RC788-92322"
"YD40007166A001","YD40007166"
"119746-66120-YG","119746-66120"
"RP32A-68651","RP321-68651"
"RD80W-68881","RD809-68881"
"5K152-31481","5K140-31481"
"RP43A-79762","RP431-79762"
"RP43D-79612","RP431-79612"
"RP43D-79762","RP431-79762"
"RP46C-79662","RP461-79662"
"RP46D-79411","RP461-79411"
"RP46D-79663","RP461-79663"
"RP46F-79411","RP461-79411"
"198118-48310-49","198118-48310"
"198133-77790-49","198133-77790"
"198133-77861-49","198133-77861"
"RB514-92444","RB511-92444"
"RB51A-92445","RB511-92445"
"RD413-79712","RD411-79712"
"RD414-79121","RD411-79121"
"RB51D-92435","RB511-92435"
"RB51R-68813","RB511-68813"
"53971-31366","5K190-91411"
"198220-48310-F","198220-48310-93"
"RD418-92442","RD411-92442"
"RD41A-64262","RD411-64262"
"RD41B-64331","RD411-64331"
"1A7260-48350","1A7260-48350-49"
"1A7320-48510-49","1A7320-48510"
"RC61D-64264","RC611-64264"
"RC661-79711","RC631-79711"
"RC66A-79551","RC661-79551"
"RD118-92331","RD411-92331"
"69171-62131","69181-62131"
"69171-65333","69181-65333"
"E9700-12171","59700-12171"
"RB41R-68622","RB411-68622"
"RD558-92342","RD551-92342"
"RD558-92431","RD551-92431"
"RP827-68651","RP821-68651"
"RP827-79161","RD411-79121"
"RP827-79611","RP821-79611"
"RP828-68662","RP821-68662"
"RP82A-68612","RP821-68612"
"RP82A-79711","RP821-79711"
"RP82B-68651","RP821-68651"
"RD43A-79711","RD431-79711"
"RD43B-79741","RD431-79741"
"1A7340-48460-49","1A7340-48460"
"1A7640-48170-49","1A7640-48170"
"RD80R-92332","RD809-92332"
"RP623-68611","RP621-68611"
"RP62B-68621","RP621-68621"
"RP62B-68662","RP621-68662"
"RP62D-68641","RP621-68641"
"RP62D-79712","RP621-79712"
"RP62F-68652","RP621-68652"
"RP647-68641","RP621-68641"
"RP661-79712","RP621-79712"
"RP66F-79511","RP661-79511"
"RA121-44193","RA111-44193"
"69630GL10AWL","69630GL10A"
"222550580","222550060"
"RA214-92432","RA211-92432"
"RA216-68811","RA211-68811"
"R2411-68474","68817-68474"
"52350-27335","52350-27334"
"RB051-68813","RB511-68813"
"RB419-68812","RB411-68812"
"RB419-92433","RB411-92433"
"RB41A-92444","RB411-92444"
"69638FB705WL","69638FB705"
"69638FC600WL","69638FC600"
"69638FC705WL","69638FC705"
"198253-46460-93","198253-46460"
"1A7340-48180-49","1A7340-48180"
"1A7340-48220-49","1A7340-48220"
"3104960","3104960990"
"3104965","3104965990"
"7053868","7053868993"
"198280-48650-49","198280-48650"
"198280-89500-49","198280-89500"
"SWO-6","TS-04046"
"198208-89520-49","198208-89520"
"198235-17711-93","198235-17700"
"198141-48510","198141-48510-49"
"1A7530-17710-12","1A7530-17710"
"1A7530-17950-12","1A7530-17950"
"RD45G-92431","RD451-92431"
"RD45G-92332","RD451-92332"
"198448-48430-X1","198448-48430"
"RP82D-68612","RP821-68612"
"RP82D-68641","RP821-68641"
"RP82G-68651","RP821-68651"
"RP82G-68662","RP821-68662"
"RP83C-79611","RP831-79611"
"1A7510-17650-12","1A7510-17650"
"172528-77260","172528-77360-A"
"174845-48150","174845-48150-49"
"4622871993","4622871"
"194765-46551","194765-46551-49"
"198010-48110","198010-48110-49"
"198071-48251-49","198071-48251"
"RP821-62121-17","RP621-07062"
"355400000766001","PH100-76121"
"69638FL160WL","69638FL160"
"69254GB40AWL","69254GB40A"
"69661GC00AWL","69661GC00A"
"69631GL21AWL","69631GL21A"
"RD35R-92972","RD358-92972"
"RD55R-92332","RD551-92332"
"RD55R-92661","RD558-92661"
"RD55R-92671","RD558-92671"
"RD458-79613","RD451-79614"
"1746-508-510-0","1746-508-200-0"
"174845-48350","174845-48350-49"
"174845-48530","174845-48530-49"
"A52100470","A52100460"
"114350-59800-YC","114350-59800"
"69141GL11AWL","69141GL11A"
"69630GL11AWL","69630GL11A"
"RC63D-79141","RC631-79141"
"1A7530-48320-YA","1A7530-48320"
"RP843-79741","RP841-79741"
"69250GL10AWL","69250GL10A"
"69661GC01AWL","69661GC01A"
"RD45R-92672","RD458-92672"
"RB51P-68813","RB511-68813"
"RD55R-92672","RD558-92672"
"RB41N-92444","RB411-92444"
"30933FJ501WL","30933FJ501"
"RP47A-68622","RP471-68622"
"RP82F-68651","RP821-68651"
"RB51R-92436","RB511-92435"
"RP475-68622","RP471-68622"
"RC66B-79561","RC661-79561"
"02500-17212","48280-17212"
"RP47C-68613","RP471-68613"
"RP47F-68613","RP471-68613"
"RP47F-68622","RP471-68622"
"RP47C-79714","RP471-79714"
"129647-66120-YG","129647-66120"
"RD41R-92433","RD411-92432"
"362743D3","362743C3"
"RC68D-92321","RC681-92321"
"RC68A-92331","RC681-92331"
"RD45B-92971","RD451-92971"
"RD45B-64331","RD451-64331"
"RD45C-64175","RD451-64175"
"RD45C-64261","RD451-64261"
"RD45D-92431","RD451-92431"
"RP473-68643","RP471-68643"
"RP843-68662","RP821-68662"
"RP843-92951","RP821-92951"
"RD458-92332","RD451-92332"
"69655FK13AWL","69655FK13A"
"69630GL13BWL","69630GL13B"
"RD46B-64261","RD461-64261"
"69250GC20AWL","69250GC20A"
"RP22F-43722","RP221-43722"
"340615040","340615020-AA"
"RD55A-79611","RD551-79611"
"RD56A-64171","RD568-64171"
"RD55J-92442","RD551-92442"
"RD55A-64261","RD551-64261"
"RD55B-92971","RD551-92971"
"RD55A-92431","RD551-92431"
"RD55J-92441","RD551-92441"
"69611GN20AWL","69611GN20A"
"RP85D-64371","RP851-64371"
"RP85G-68612","RP851-68612"
"17504FM20AWL","17504FM20A"
"RD55P-92451","RD551-92431"
"RD55P-92352","RD551-92332"
"RD35P-92953","RD358-92973"
"RP47J-68613","RP471-68613"
"RP47J-68622","RP471-68622"
"58065GL10FWL","58065GL10F"
"1A7500-48652-12","1A7500-48652"
"1A8060-04350-1L","1A8060-04350-13"
"RP85J-68611","RP851-68611"
"RP85K-68611","RP851-68611"
"69631GL50AWL","69631GL50A"
"RD55R-92663","RD558-92663"
"RD55P-92663","RD558-92663"
"RD55R-92673","RD558-92673"
"RB41P-68632","RB411-68622"
"RD45P-64271","RD451-64261"
"RD45P-92362","RD451-92342"
"RP82K-68612","RP821-68612"
"RP85B-64171","RP851-64171"
"RP85G-64171","RP851-64171"
"RP85B-64631","RP851-64631"
"RP85K-64631","RP851-64631"
"RP85C-68651","RP851-68651"
"RP85K-68651","RP851-68651"
"RP85A-68621","RP851-68621"
"RP853-92971","RP851-92971"
"RP85F-92971","RP851-92971"
"RP85K-92341","RP851-92341"
"RP853-68661","RP851-68661"
"RP85B-68661","RP851-68661"
"RP85D-68661","RP851-68661"
"RP85B-64641","RP851-64641"
"RP85K-64641","RP851-64641"
"RP85F-92331","RP851-92331"
"RC68J-92322","RC681-92322"
"RC78J-64261","RC788-64261"
"RC78D-92331","RC781-92331"
"RC78J-92321","RC781-92321"
"RC68B-64261","RC681-64261"
"RC68A-64331","RC681-64331"
"RD551-64261","RD558-64261-KCW"
"340708440","340708410-A"
"RP85D-79743","RP851-79743"
"8113530XXXA001","8113530993"
"8115950XXXA001","8115950993"
"8124337XXXA001","8124337993"
"9752876","9752876990"
"YD40001780A001","YD40001780993"
"YD40002208A001","YD40002208993"
"YD40002301A001","YD40002301993"
"YD40002668A001","YD40002668993"
"YD40002671A001","YD40002671993"
"YD40002715A001","YD40002715993"
"8082197XXXA001","8082197993"
"8081380XXXA001","8081380993"
"8083969XXXA001","8083969993"
"8086625XXXA001","8086625993"
"YD40005344A001","YD40005344993"
"RD80T-92332","RD809-92332"
"8087297XXXA001","8087297993"
"8102452XXXA001","8102452993"
"8102612XXXA001","8102612993"
"RP47K-92762","RP471-92762"
"YD40000678A001","YD40000678993"
"YD40000744A001","YD40000744993"
"YD40000785","YD40000785990"
"8084023XXXA001","8084023993"
"8097530XXXA001","8097530993"
"8105592","8105592990"
"8108613XXXA001","8108613993"
"7054498XXXA001","7054498993"
"8074029","8074029990"
"8076186XXXA001","8076186993"
"8078202XXXA001","8078202993"
"8079619XXXA001","8079619993"
"RD545-92971","RD511-92971"
"8105304XXXA001","8105304993"
"8106520XXXA001","8106520993"
"8106522XXXA001","8106522993"
"YD40001378A001","YD40001378993"
"YD40001683","YD40001683990"
"9762265XXXA001","9762265993"
"9771080XXX001","9771080993"
"8098069XXXA001","8098069993"
"6963B-AB201WL","6963B-AB201"
"6963A-AB201WL","6963A-AB201"
"6981B-AB211WL","6981B-AB211"
"7059982XXXA001","7059982993"
"8077350XXXA001","8077350993"
"RD839-5181-3","RD839-5181-2"
"RC78Y-92321","RC789-92321"
"RC78T-92321","RC789-92321"
"RC78Y-92691","RC789-92691"
"RC78Y-64171","RC788-64171"
"RC78T-64171","RC788-64171"
"8117983XXXA001","8117983993"
"YD40001244A001","YD40001244993"
"YD40005343A001","YD40005343993"
"8113531XXXA001","8113531993"
"8122622","8122622990"
"6963BAB201WL","6963BAB201"
"6981CAB201WL","6981CAB201"
"6981BAB221WL","6981BAB221"
"8072962XXXA001","8072962993"
"RP67A-92972","RP671-92972"
"RP67G-92972","RP671-92972"
"PK201-42261","PK401-42262"
"3877543710","38775-4371"
"7051326XXXA001","7051326993"
"7054489XXXA001","7054489993"
"8085214XXXA001","8085214993"
"8087483XXXA001","8087483993"
"8090289XXXA001","8090289993"
"8100173XXXA001","8100173993"
"8108023XXXA001","8108023993"
"RD15S-64331","RD158-64331"
"8109921XXXA001","8109921993"
"8089842","8089842990"
"YD40003304A001","YD40003304993"
"YD40003333A001","YD40003333993"
"YD40003449A001","YD40003449993"
"YD40003477A001","YD40003477993"
"RC78S-64261","RC788-64261"
"RD80S-92342","RD809-92342"
"RD55T-64261","RD551-64261"
"RD45T-92631","RD458-92631"
"YD40001018A001","YD40001018993"
"YD40001022A001","YD40001022993"
"YD40002313A001","YD40002313993"
"17270GN20AAWL","17270GN20AA"
"A16-09290-10","A16-09290"
"RC78J-92471","RC781-92471"
"7044549","7044549990"
"7053223XXXA001","7053223993"
"9743591XXXA001","9743591993"
"9743589XXXA001","9743589993"
"8105828XXXA001","8105828993"
"YD40003712A001","YD40003712993"
"YD40003784A001","YD40003784993"
"6025520XXXA001","6025520993"
"8114880XXXA001","8114880993"
"YD40000855A001","YD40000855993"
"YD40004272A001","YD40004272993"
"YD40004274A001","YD40004274993"
"YD40004285A001","YD40004285993"
"YD40004528A001","YD40004528993"
"YD40004765A001","YD40004765993"
"8117986XXXXA001","8117986993"
"YD40006284A001","YD40006284"
"YD40006286A001","YD40006286"
"YD40007116A001","YD40007116"
"YD40007150A001","YD40007150"
"YD40007134A001","YD40007134"
"YD40000609","YD40000609993"
"8105872","8105872_0010-0010"
"YD40007311A001","YD40007311"
"RC68C-64261","RC681-64261"
"YD40006537A001","YD40006537"
"43711-121660-3","43711-121660"
"YD40006375A001","YD40006375"
"3622720380","36227-2038"
"3873232310","38732-3231"
"172444-14271-5D","172444-14271"
"YA00034670A001","YA00034670"
"RD80Y-68831","RD809-68831"
"RP47C-68644","RP471-68644"
"RP47J-68614","RP471-68614"
"8075838XXXA001","8075838993"
"YD40005888A001","YD40005888"
"YD40005020A001","YD40005020"
"A52100422","A52100432"
"3875222790","38752-2279"
"YD40006334A001","YD40006334"
"3875222620","38752-2262"
"129C23-49700-YQ","129C23-49700"
"RC79A-92471","RC791-92471"
"RB46D-79611","RB461-79611"
"RD57Y-92661","RD579-92661"
"YD40002301","YD40002301_0010-0010"
"RB46C-92431","RB461-92431"
"RC69B-79611","RC691-79611"
"RC69J-79611","RC691-79611"
"3877545990","38775-4599"
"YA40008204A001","YA40008204"
"YD40007167A001","YD40007167"
"5H945-1211-5-37","5H945-1211-2-37"
"1A7720-48161-49","1A7720-48161"
"RP32A-68631","RP321-68631"
"RP32G-68661","RP321-68661"
"A40400040","4660007202000"
"RC414-64264","RC411-64264"
"RD80W-68841","RD809-68841"
"129247-66120-YG","129247-66120"
"129263-49301-C1","129263-49301"
"RP43C-79762","RP431-79762"
"RP461-79762","RP431-79762"
"RP46A-79662","RP461-79662"
"RP46A-79663","RP461-79663"
"RP46B-79511","RP461-79511"
"RP46D-79511","RP461-79511"
"RB519-92434","RB511-92434"
"RB51A-68813","RB511-68813"
"RB51B-92435","RB511-92435"
"RD413-92331","RD411-92331"
"RD414-79612","RD411-79612"
"RD414-92331","RD411-92331"
"RD414-92973","RD411-92973"
"RD41A-79613","RD411-79613"
"RD41A-92341","RD411-92341"
"198253-46410","198253-46420"
"1A7270-48250-49","1A7270-48250"
"1A7340-46080-49","1A7340-46080"
"1A7340-48181-49","1A7340-48181"
"69179-65333","69181-65333"
"RB41D-92434","RB411-92434"
"RB41G-68812","RB411-68812"
"5H603-52121","59750-52121"
"RD45R-92982","RD458-92982"
"RP827-68641","RP821-68641"
"RP828-68612","RP821-68612"
"RP828-68641","RP821-68641"
"RP828-68651","RP821-68651"
"RP828-92972","RP821-92972"
"RP82A-68662","RP821-68662"
"RP82A-92951","RP821-92951"
"RP82A-92972","RP821-92972"
"RP82B-68622","RP821-68622"
"RP82B-68641","RP821-68641"
"RP82B-68662","RP821-68662"
"RP82C-68641","RP821-68641"
"RD41C-92331","RD411-92331"
"RD41C-92432","RD411-92432"
"RD41D-92331","RD411-92331"
"RD41G-92341","RD411-92341"
"RD41G-92432","RD411-92432"
"RD41R-92432","RD411-92432"
"RD43A-79741","RD431-79741"
"RD43C-79741","RD431-79741"
"RD441-79611","RD431-79611"
"1A7340-48530-49","1A7340-48530"
"1A7450-17710","1A7450-17710-49"
"RD80R-64341","RD809-64341"
"RP62A-68641","RP621-68641"
"RP62D-68611","RP621-68611"
"RP62D-68621","RP621-68621"
"RP62D-68662","RP621-68662"
"RP62G-68641","RP621-68641"
"RP647-68631","RP621-68631"
"RP66B-79511","RP661-79511"
"PJ101-75431","PJ404-75431"
"1A7710-48130-12","1A7710-48130"
"1A7710-48171-12","1A7710-48171"
"RA904-92432","RA211-92432"
"R2411-68475","68817-68475"
"68843-68474","68849-68474"
"68847-68474","68849-68474"
"RB419-92443","RB411-92443"
"69638FC200WL","69638FC200"
"69638FC360WL","69638FC360"
"50594-26142","50592-26142"
"R1301-62144","68847-62144"
"69638FC700WL","69638FC700"
"198253-46400-93","198253-46400"
"198253-46440-93","198253-46440"
"1A7510-48670-12","1A7510-48670"
"RP84A-79651","RP841-79651"
"RP84B-79651","RP841-79651"
"RP84C-79741","RP841-79741"
"3100337","3100337990"
"3101225","3101225990"
"3101952","3101952990"
"3104961","3104961990"
"4615138","4615138990"
"4637943","4637943990"
"194331-48150-X","194331-48150"
"198280-48610-49","198280-48610"
"1A7510-48650-12","1A7510-48650"
"198287-46500-49","198287-46500"
"198208-89500-49","198208-89500"
"198133-46642","198133-46642-49"
"198121-48190","198121-48190-49"
"1A7530-17670-12","1A7530-17670"
"1A7600-48280-49","1A7600-48280"
"1A7500-48610-12","1A7500-48610"
"1A7510-17691-12","1A7510-17691"
"174845-48140","174845-48140-49"
"174845-48300","174845-48300-49"
"198268-17673","198268-17673-49"
"RD451-62114-270","RD451-07583"
"RD518-64262","RD511-64262"
"119175-39660-YA","119175-39660"
"194765-46510","194765-46510-49"
"194765-48100","194765-48100-49"
"194765-17750","194765-17750-49"
"198460-46251","198460-46251-49"
"1A7450-48150","1A7450-48150-49"
"1A7450-48380","1A7450-48380-49"
"1773-508-420-0","1772-508-220-0"
"RD458-64331","RD451-64331"
"114350-59800-ZK","114350-59800"
"3C774-82852","3C082-82854"
"69631GC31BWL","69631GC31B"
"RD45Y-92631","RD458-92631"
"RD45R-64331","RD451-64331"
"RD458-64174","RD451-64175"
"RD80R-68831","RD809-68831"
"1747-508-510-0","1747-508-200-0"
"RP471-4284A","RC411-51311-2"
"1A7710-48171-49","1A7710-48171"
"69638GL12BWL","69638GL12B"
"3C774-82851","3C082-82853"
"1A7530-17640-YA","1A7530-17640"
"RC348-62113-70","RC348-07521"
"RP84D-78651","RP841-78651"
"RD55P-92332","RD551-92332"
"RP843-92973","RP821-92973"
"RP673-92972","RP671-92972"
"69657GL10AWL","69657GL10A"
"RD45C-64176","RD451-64176"
"RD45R-79615","RD451-79615"
"69255FL000WL","69255FL000"
"17504GL11AWL","17504GL11A"
"21621GG00AWL","21621GG00A"
"21622FC400WL","21622FC400"
"RP82F-68662","RP821-68662"
"RP84F-79651","RP841-79651"
"1A7530-48601-12","1A7530-48601"
"RD41R-64332","RD411-64331"
"11235-73G6V-000","11235-73G6V-10"
"RP475-92972","RP471-92972"
"194065-38470-L4","194065-38470"
"69148FK110WL","69148FK110"
"RC688-92321","RC681-92321"
"RC68B-92331","RC681-92331"
"RD45C-79614","RD451-79614"
"RD45A-92342","RD451-92342"
"RD45C-92441","RD451-92441"
"RD45D-92441","RD451-92441"
"RD45A-92971","RD451-92971"
"RD45C-92971","RD451-92971"
"RD45D-92971","RD451-92971"
"RD46D-64171","RD461-64171"
"00250-45497","17203-72861"
"153674-59790-6","153674-59160"
"340700161","340700141-AA"
"RD55P-79611","RD551-79611"
"RD55B-79611","RD551-79611"
"RD55A-92442","RD551-92442"
"RD55D-64261","RD551-64261"
"RD55B-92342","RD551-92342"
"RD55D-92441","RD551-92441"
"1J597-17321","1J550-17322"
"RD558-92442-KCW","RD551-92442-KCW"
"3C774-82752","3C794-82753"
"129558-39651-YQ","129558-39651"
"RP853-64371","RP851-64371"
"27068GL20AWL","27068GL20A"
"RP85B-68612","RP851-68612"
"RP85A-68612","RP851-68612"
"RP853-68612","RP851-68612"
"RD55P-92462","RD551-92442"
"RD55R-92442","RD551-92442"
"RP82J-68632","RP821-68632"
"RP32J-68621","RP321-68621"
"RP32J-68651","RP321-68651"
"RP32J-68661","RP321-68661"
"RP85D-79611","RP851-79611"
"RD451-09241","RD451-92971"
"RP85G-79611","RP851-79611"
"R1431-62111-10","R1411-07102"
"17504GE26AWL","17504GE26A"
"RD82P-92631","RD809-92631"
"RB51P-92455","RB511-92435"
"RD45P-92692","RD458-92672"
"RP82K-68662","RP821-68662"
"371242A2","A371242A2"
"RP85D-64171","RP851-64171"
"RP85D-64631","RP851-64631"
"RP85J-68651","RP851-68651"
"RP85D-68621","RP851-68621"
"RP85J-68621","RP851-68621"
"RP85G-92971","RP851-92971"
"RP85D-92341","RP851-92341"
"RP85D-64641","RP851-64641"
"RP85K-92331","RP851-92331"
"69638FL17AWL","69638FL17A"
"RC78D-64261","RC788-64261"
"RC78J-92331","RC781-92331"
"RC78A-79611","RC781-79611"
"RD553-92971","RD551-92971"
"RC68D-64331","RC681-64331"
"RC68J-64331","RC681-64331"
"RC68A-79611","RC681-79611"
"RC68J-64171","RC681-64171"
"1J540-17321","1J500-17321"
"129978-59110-C1","129978-59110"
"RD45J-79615","RD451-79615"
"362795B3","362795A3"
"8123111XXXA001","8123111993"
"9764508XXXA001","9764508993"
"YD40000182A001","YD40000182993"
"YD40000185A001","YD40000185993"
"YD40002770A001","YD40002770993"
"8118519XXXA001","8118519993"
"8123113XXXA001","8123113993"
"8124678XXXA001","8124678993"
"8124679XXXA001","8124679993"
"8118323XXXA001","8118323993"
"9755250XXXA001","9755250993"
"9755988XXXA001","9755988993"
"9758523XXXA001","9758523993"
"9758559XXXA001","9758559993"
"9771472XXXA001","9771472993"
"YD40002363A001","YD40002363993"
"8085012XXXA001","8085012993"
"8098283XXXA001","8098283993"
"8098603XXXA001","8098603993"
"RD80T-64341","RD809-64341"
"8087496","8087496990"
"4718718","4718718990"
"8101787XXXA001","8101787993"
"8102611XXXA001","8102611993"
"RP47K-92972","RP471-92972"
"YD00007599A001","YD00007599993"
"YD40000028A001","YD40000028993"
"8076027","8076027990"
"8098082XXXA001","8098082993"
"8108660XXXA001","8108660993"
"V063S-77521","V0631-77521"
"7052555XXXA001","7052555993"
"8063126XXXA001","8063126993"
"9750897XXXA001","9750897993"
"8104069XXXA001","8104069993"
"8104705XXXA001","8104705993"
"8105420XXXA001","8105420993"
"8106517XXXA0001","8106517993"
"8105831XXXA001","8105831993"
"YD40001488A001","YD40001488993"
"9748990XXXA001","9748990993"
"YD40001055A001","YD40001055993"
"5H945-1211-2-19","5H881-12119-19"
"6981C-AB211WL","6981C-AB211"
"RC78T-92663","RC789-92663"
"RC78Y-92971","RC789-92971"
"8117984XXXA001","8117984993"
"V0521-77531","V0511-77534"
"YD40004353A001","YD40005343993"
"YD40005342A001","YD40005342993"
"YD40002294990","YD40002294"
"RD55K-64261","RD551-64261"
"9747295XXXA001","9747295993"
"8073882XXXA001","8073382993"
"8073383XXXA001","8073383993"
"8078203XXXA001","8078203993"
"3873157920","38731-5792"
"RP67D-92972","RP671-92972"
"6023283XXXA001","6023283993"
"8097936XXXA001","8097936993"
"8098432XXXA001","8098432993"
"8100172XXXA001","8100172993"
"V063S-77632","V0631-77632"
"V063S-77711","V0631-77711"
"9770381XXXA001","9770381993"
"RC461-43891","09364-12002"
"YD40001700","YD40001700993"
"8112614XXXA001","8112614993"
"YD40003016A001","YD40003016993"
"8073382XXXA001","8073382993"
"YA00079616-1S","YA00079616"
"3873154420","38731-5442"
"RD55S-92673","RD558-92673"
"RD55S-92442","RD551-92442"
"RD55S-64261","RD551-64261"
"RP67K-79713","RP671-79713"
"RD35S-92973","RD358-92973"
"YD40001652A001","YD40001652993"
"YD40002071A001","YD40002071993"
"YD40002450A001","YD40002450993"
"RC68B-92471","RC681-92471"
"YD40002546A001","YD40002546993"
"YD40003450A001","YD40003450993"
"YD40004364A001","YD40004364993"
"3095705","3095705990"
"1A8330-48210-YH","1A8330-48210"
"38752-22970","38752-2297"
"RD55T-79611","RD551-79611"
"8105183XXXA001","8105183993"
"YD40003613A001","YD40003613993"
"YD40003768A001","YD40003768993"
"8112104XXXA001","8112104993"
"YD40004270A001","YD40004270993"
"YD40004276A001","YD40004276993"
"YD40004279A001","YD40004279993"
"YD40004414A001","YD40004414993"
"YD40003466A001","YD40003466993"
"YD40007303A001","YD40007303"
"YD40007117A001","YD40007117"
"YD40007466A001","YD40007466"
"RC68C-92322","RC681-92322"
"8105812","8105812990"
"YD40006662A001","YD40006662"
"YD40006698A001","YD40006698"
"3875222770","38752-2277"
"YA00073600","YA00073600-1S"
"YD40004914B800","YD40004914"
"62J9841112","62J984-1112"
"62J17121530A001","62J171-21530"
"RD80Y-68421","RD809-68421"
"PK201-42273","PK401-42272"
"RP47A-68644","RP471-68644"
"RP47D-68644","RP471-68644"
"5118-6432-000-04","5118-6432-000-03"
"YA00067799","YA00067799-1S"
"RB46J-68811","RB461-68811"
"3877539120","38775-3912"
"RC78T-92322","RC789-92322"
"YD40006768A001","YD40006768"
"RB46B-79611","RB461-79611"
"RB46G-79921","RB461-79921"
"3024220960","30242-2096"
"RD57S-64261","RD579-64261"
"RD57Y-79741","RD579-79741"
"RD57T-79741","RD579-79741"
"3873154410","38731-5441"
"RB46A-92441","RB461-92441"
"RB46A-92431","RB461-92431"
"RB46G-92431","RB461-92431"
"TC630-53421","TC860-53421"
"3877536380","38775-3638"
"120672-34120-3","120672-34120"
"3875222950","38752-2295"
"1A7730-48161-49","1A7730-48161"
"1C1100-21690-49","1C1100-21690"
"RP32A-68611","RP321-68611"
"RP32B-68611","RP321-68611"
"RP32B-68661","RP321-68661"
"RP32C-68631","RP321-68631"
"RP32D-68621","RP321-68621"
"RP32G-68631","RP321-68631"
"RD11R-92973","RD118-92973"
"A40370030","4660007017000"
"A40400030","4660007201001"
"RD80T-68871","RD809-68871"
"RD80W-68421","RD809-68421"
"RD80W-68431","RD809-68431"
"RP437-79761","RP431-79761"
"RP438-79713","RP431-79713"
"RP461-79713","RP431-79713"
"RP46B-79662","RP461-79662"
"RP46C-79511","RP461-79511"
"RP46F-79511","RP461-79511"
"198240-48310","198240-48310-93"
"198240-48340","198240-48340-93"
"198121-48160","198121-48160-49"
"RB514-92434","RB511-92434"
"RB519-92435","RB511-92435"
"RB51B-92445","RB511-92445"
"198220-48340-F","198220-48340-93"
"5H632-26562-9","5H632-26561-9"
"RD418-64262","RD411-64262"
"RD418-92431","RD411-92431"
"RD41A-92432","RD411-92432"
"RD41B-92331","RD411-92331"
"1A7340-46000-49","1A7340-46000"
"RC61B-64264","RC611-64264"
"RC634-79141","RC631-79141"
"RC634-79611","RC631-79611"
"69179-44192","69181-44192"
"E3696-44112","53696-44111-2"
"RB41R-92434","RB411-92434"
"198448-48832","198448-48832-49"
"1A7650-48300-49","1A7650-48300"
"1A7670-48260-49","1A7670-48260"
"RP827-68662","RP821-68662"
"RP828-92951","RP821-92951"
"RP82A-68632","RP821-68632"
"RP82B-68612","RP821-68612"
"RP82B-68632","RP821-68632"
"RD41C-64262","RD411-64262"
"RD41G-92442","RD411-92442"
"RD41R-92341","RD411-92341"
"RD431-79121","RD411-79121"
"RD43C-79611","RD431-79611"
"1A7400-33300","1A7400-33300-49"
"RP62A-68611","RP621-68611"
"RP62A-68621","RP621-68621"
"RP62B-68641","RP621-68641"
"RP62B-68652","RP621-68652"
"RP62C-68631","RP621-68631"
"RP62C-68641","RP621-68641"
"RP62D-68631","RP621-68631"
"RP62F-68641","RP621-68641"
"RP62G-68611","RP621-68611"
"RP647-68611","RP621-68611"
"69638GL14AWL","69638GL14A"
"69630GL14BWL","69630GL14B"
"222550590","222550170"
"RA212-68821","RA211-68821"
"RA215-68811","RA211-68811"
"RA216-92432","RA211-92432"
"RA902-92442","RA211-92442"
"RA904-68811","RA211-68811"
"R2411-68476","68817-68476"
"6884B-62144","68847-62144"
"6884D-62144","68847-62144"
"68863-68476","68817-68476"
"RB414-68812","RB411-68812"
"RB419-92444","RB411-92444"
"RB41A-68622","RB411-68622"
"RB41A-68812","RB411-68812"
"RB41B-92444","RB411-92444"
"RB41C-68622","RB411-68622"
"RB41C-68812","RB411-68812"
"69638FC20AWL","69638FC20A"
"31300-29662","30300-29662"
"31301-29672","30300-29672"
"5H281-67121","5H215-67121"
"51588-26641","52000-26643"
"K2561-36612-20","K2561-36612-2"
"RP841-79612","RP831-79612"
"198125-04750-C1","198125-04750"
"3101221","3101221990"
"3101223","3101223990"
"4610291","4610291990"
"4623770","4623770990"
"4637944","4637944990"
"1A7510-48600-12","1A7510-48600"
"119171-59830-3","119171-59830"
"PM04143X0","55384-35501"
"198133-46612","198133-46612-49"
"8077926","8077926990"
"RD45G-92971","RD451-92971"
"RD55G-79611","RD551-79611"
"RD45G-92342","RD451-92342"
"RP82G-68612","RP821-68612"
"RP82G-68641","RP821-68641"
"RP837-79611","RP831-79611"
"RP83A-79611","RP831-79611"
"RP83A-79612","RP831-79612"
"RP83B-79612","RP831-79612"
"198448-48831","198448-48831-49"
"1A7510-17690-12","1A7510-17690"
"172527-76720","172527-76520"
"69638FB600WL","69638FB600"
"69638FB605WL","69638FB605"
"09364E08004-001","09364-08004-000"
"RD451-62114-7","RD118-07122"
"194765-46420","194765-46420-49"
"P1659A-00-01CNTX","P1659A-00-01"
"194765-46440","194765-46440-49"
"194765-46781","194765-46781-49"
"198360-48130","198360-48130-49"
"198365-48130","198365-48130-49"
"198448-48261","198448-48261-49"
"198448-48300","198448-48300-49"
"198460-46330","198460-46330-49"
"174520-63130","174520-63130-39"
"1A7450-48410","1A7450-48410-49"
"1A7450-48810","1A7450-48810-49"
"1A7450-48910","1A7450-48910-49"
"69638FL161WL","69638FL161"
"174845-48110","174845-48110-49"
"1A7340-48860-12","1A7340-48860"
"1A7450-48210","1A7450-48210-49"
"69638GH18AWL","69638GH18A"
"RD35P-92973","RD358-92973"
"RD45Y-92972","RD458-92972"
"69631GL20AWL","69631GL20A"
"RD55R-92441","RD551-92441"
"RD45R-79613","RD451-79614"
"69630GC31BWL","69630GC31B"
"134674-59250-3","134674-59250"
"198448-48111","198448-48111-49"
"198240-04750-YH","198240-04750-12"
"69638GL14CWL","69638GL14C"
"69611GL21AWL","69611GL21A"
"69638GL13BWL","69638GL13B"
"RP323-68651","RP321-68651"
"RB443-68622","RB411-68622"
"RB443-92444","RB411-92444"
"RB51Y-68813","RB511-68813"
"RD45P-79615","RD451-79615"
"RD45P-92982","RD458-92982"
"69250FK100WL","69250FK100"
"69250FK107WL","69250FK107"
"RD80P-92631","RD809-92631"
"RB41N-68812","RB411-68812"
"17504GL10AWL","17504GL10A"
"RB51R-92446","RB511-92445"
"17504FK111WL","17504FK111"
"RD41B-79122","RD411-79122"
"172730-75141-YA","172730-75141"
"362739D3","362739C3"
"362741C3","362741B3"
"362742C3","362742B3"
"RP47F-68632","RP471-68632"
"RP47F-79714","RP471-79714"
"RD41R-92342","RD411-92341"
"362764C3","362764B3"
"69638FL11AWL","69638FL11A"
"RC68B-92321","RC681-92321"
"RC68D-92331","RC681-92331"
"RP32F-68651","RP321-68651"
"RD45D-64331","RD451-64331"
"RD45A-92332","RD451-92332"
"RD45C-92342","RD451-92342"
"RD45D-92342","RD451-92342"
"RD45C-92431","RD451-92431"
"RD45A-92441","RD451-92441"
"RD458-92441","RD451-92441"
"23341-101401-C1","23341-101401"
"21623GE00AWL","21623GE00A"
"70765-58874","70765-58274"
"371373A4","A371373A4"
"RD55R-79611","RD551-79611"
"RD55C-79611","RD551-79611"
"RD56B-64171","RD568-64171"
"RD55A-92971","RD551-92971"
"RD55J-92971","RD551-92971"
"RD55D-92332","RD551-92332"
"RD55A-92332","RD551-92332"
"RD55D-92342","RD551-92342"
"RD55J-92431","RD551-92431"
"21621GN01AWL","21621GN01A"
"69664GL00AWL","69664GL00A"
"RP85F-64371","RP851-64371"
"1A8064-49500-1L","1A8064-49500-13"
"RP85C-68612","RP851-68612"
"4711119","4711119990"
"361336B4","A361336B4"
"RD45J-92342","RD451-92342"
"RD55R-92432","RD551-92432"
"RP47K-68613","RP471-68613"
"RD45J-92971","RD451-92971"
"119100-59910","119100-59910-3"
"69661GL50AWL","69661GL50A"
"RP82J-68641","RP821-68641"
"RP85B-79611","RP851-79611"
"RP85C-79611","RP851-79611"
"17270GN11AWL","17270GN11A"
"RP853-68611","RP851-68611"
"R1431-51111-8","R1411-70082"
"RD82P-64341","RD809-64341"
"RD82P-92342","RD809-92342"
"RP47K-68632","RP471-68632"
"129978-59470-C1","129978-59470"
"RP85F-64171","RP851-64171"
"RP853-64631","RP851-64631"
"RP85G-64631","RP851-64631"
"RP85B-68651","RP851-68651"
"RP85B-68621","RP851-68621"
"RP85A-92971","RP851-92971"
"RP85D-92971","RP851-92971"
"RP85B-92341","RP851-92341"
"RP85G-64641","RP851-64641"
"RC68A-92322","RC681-92322"
"RC68D-92332","RC681-92332"
"RC68J-92332","RC681-92332"
"RC78B-79611","RC781-79611"
"69978GL10AWL","69978GL10A"
"RC68B-79611","RC681-79611"
"RP47A-92972","RP471-92972"
"RD45J-92332","RD451-92332"
"RP85F-79743","RP851-79743"
"8115837XXXA001","8115837993"
"YD40000183A001","YD40000183993"
"YD40000184A001","YD40000184993"
"YD40002773A001","YD40002773993"
"8118621XXXA001","8118621993"
"7031164XXXA001","7031164993"
"8123085XXXA001","8123085993"
"8118618XXXA001","8118618993"
"9739335","9739335990"
"9740221","9740221990"
"4417506","4417506990"
"YD40002548A001","YD40002548993"
"8083104XXXA001","8083104993"
"8097730XXXA001","8097730993"
"8081278XXXA001","8081278993"
"8090575XXXA001","8090575993"
"RD80T-92631","RD809-92631"
"9767698","9767698990"
"8086557","8086557990"
"8087568XXXA001","8087568993"
"4683247","4683247990"
"8100340XXXA001","8100340993"
"8101789XXXA001","8101789993"
"RP47D-68622","RP471-68622"
"YD40000027A001","YD40000027993"
"YD40000679A001","YD40000679993"
"8074816","8074816990"
"8095372XXXA001","8095372993"
"8098862XXXA001","8098862993"
"8102456XXXA001","8102456993"
"8105582XXXA001","8105582993"
"8105871","8105871990"
"V063S-77532","V0631-77532"
"8100344XXXA001","8100344993"
"8087302XXXA001","8087302993"
"7042314XXXA001","7042314993"
"8077351XXXA001","8077351993"
"9750794XXXA001","9750794993"
"9751373XXXA001","9751373993"
"9758524XXXA001","9758524993"
"8102502XXXA001","8102502993"
"8106953XXXA001","8106953993"
"8106519XXXA001","8106519993"
"8106946XXXA001","8106946993"
"YD40001308A001","YD40001308993"
"YD40001623A001","YD40001623993"
"YD40002622A001","YD40002622993"
"8090011XXXA001","8090011993"
"8095371XXXA001","8095371993"
"8096554XXXA001","8096554993"
"8098070XXXA001","8098070993"
"5H945-1211-2-15","5H881-12118-15"
"8111158XXXA001","8111158993"
"YD40005708","YD40005708990"
"9750291","9750291990"
"RC78Y-64261","RC789-64261"
"RC78Y-92663","RC789-92663"
"RC78T-92981","RC789-92981"
"8110761","8110761990"
"8115098XXXA001","8115098993"
"RC788-92921","RC781-92321"
"8115099XXXA001","8115099993"
"3873158290","38731-5829"
"YD40004834-03","YD40003330-03"
"6981BAB211WL","6981BAB211"
"YD40004833-03","YD40002894-03"
"RP853-79742","RP851-79742"
"RP85D-79742","RP851-79742"
"8073381XXXA001","8073381993"
"9763447XXXA001","9763447993"
"9765446XXXA001","9765446993"
"8082930XXXA001","8082930993"
"8099014XXXA001","8099014993"
"8108609XXXA001","8108609993"
"YD40002853A001","YD40002853993"
"YD40003301A001","YD40003301993"
"YD40003424A001","YD40003424993"
"RD80S-92332","RD809-92332"
"RC61G-64265","RC611-64265"
"RC68B-64332","RC681-64332"
"RC68D-64332","RC681-64332"
"YD40001035A001","YD40001035993"
"YD40002314A001","YD40002314993"
"YD40002451A001","YD40002451993"
"YD40002549A001","YD40002549993"
"YD40002716A001","YD40002716993"
"YD40003965A001","YD40003965993"
"7042293XXXA001","7042293993"
"9290411XXXA001_0010-0010","9290411993"
"9752265","9752265990"
"9753257","9753257990"
"YD40003809A001","YD40003809993"
"8114881XXXA001","8114881993"
"YD40003844A001","YD40003844993"
"YD40004284A001","YD40004284993"
"YD40004530A001","YD40004530993"
"8117987XXXA001","8117987993"
"RC78T-79741","RC789-79741"
"YD40007145A001","YD40007145"
"YD40006574A001","YD40006574"
"43711-121670-3","43711-121670"
"3872142540","38721-4254-1S"
"YD40005847A001","YD40005847"
"YD40006840A001","YD40006840"
"YD40005848A001","YD40005848"
"YD00010156A001","YD00010156"
"3238511111","323851-1111"
"RD80Y-68871","RD809-68871"
"RD80Y-68431","RD809-68431"
"RP47G-68644","RP471-68644"
"32741-3972-4-07","32741-39791"
"YD40005891A001","YD40005891"
"YD40006841A001","YD40006841"
"YD40006330A001","YD40006330"
"RB46A-68811","RB461-68811"
"RB46D-68811","RB461-68811"
"YD40006285A001","YD40006285"
"YD40001474_0010-0010","YD40001474993"
"YD40005368A001","YD40005368"
"RC794-92471","RC791-92471"
"RB46D-79921","RB461-79921"
"YD00012330A001","YD00012330"
"RB46J-92441","RB461-92441"
"RB46B-92431","RB461-92431"
"RB46D-92431","RB461-92431"
"RB46J-92431","RB461-92431"
"RC69A-79611","RC691-79611"
"62J17121520","62J171-21520"
"RC78T-92332","RC789-92332"
"1A8408-49350-1L","1A8408-49350"
"1A8408-49100-1L","1A8408-49100"
"8122604XXXA001","8122604"
"YD40005282A001","YD40005282"
"YD40007163A001","YD40007163"
"RD537-92973","RD118-92973"
"RP32B-68631","RP321-68631"
"RP32D-68661","RP321-68661"
"RP32G-68651","RP321-68651"
"RD80T-68881","RD809-68881"
"RP433-79713","RP431-79713"
"RP43A-79761","RP431-79761"
"RP43C-79761","RP431-79761"
"RP46A-79511","RP461-79511"
"198133-48250","198133-48250-49"
"RB513-92435","RB511-92435"
"RB519-92445","RB511-92445"
"RD412-09551","RD411-64262"
"RD414-64262","RD411-64262"
"RB51D-92445","RB511-92445"
"198208-48110-49","198208-48110"
"RD41A-79122","RD411-79122"
"1A7280-49230-49","1A7280-49230"
"1A7310-48110-49","1A7310-48110"
"1A7320-48410-49","1A7320-48410"
"1A7340-46050-49","1A7340-46050"
"1A7340-48221-49","1A7340-48221"
"RC634-79711","RC631-79711"
"69171-44192","69181-44192"
"69171-65343","69181-65343"
"RB41D-68812","RB411-68812"
"RB41D-92444","RB411-92444"
"RB41G-68622","RB411-68622"
"RD558-92441","RD551-92441"
"RD45R-92661","RD458-92661"
"RD45R-92972","RD458-92972"
"1A7670-48280-49","1A7670-48280"
"RP827-68612","RP821-68612"
"RP827-68622","RP821-68622"
"RP827-79711","RP821-79711"
"RP82A-68622","RP821-68622"
"RP82B-79711","RP821-79711"
"RP82C-68612","RP821-68612"
"RD41B-92442","RD411-92442"
"RD41C-64331","RD411-64331"
"RD41C-92442","RD411-92442"
"RD41C-92973","RD411-92973"
"RD41D-92973","RD411-92973"
"RD41G-64331","RD411-64331"
"RD41G-92331","RD411-92331"
"RD431-79122","RD411-79122"
"RD441-79741","RD431-79741"
"1A7340-48500-49","1A7340-48500"
"1A7340-49160-49","1A7340-49160"
"1A7640-48450-49","1A7640-48450"
"RD80R-92342","RD809-92342"
"RD80T-68431","RD809-68431"
"RP623-68621","RP621-68621"
"RP623-68631","RP621-68631"
"RP62C-68611","RP621-68611"
"RP62G-68652","RP621-68652"
"RP647-79712","RP621-79712"
"RP66G-79511","RP661-79511"
"RA213-68821","RA211-68821"
"RA216-92442","RA211-92442"
"RA707-44191","RA021-44191"
"68841-62143","68847-62143"
"68843-68473","68849-68473"
"6C050-13191","0375J-08003"
"RB419-68622","RB411-68622"
"RA021-5118-1-03","RA211-51171-2"
"198253-17780-93","198253-17780"
"198254-17780-93","198254-17780"
"RP841-79711","RP821-79711"
"198235-17750-93","198235-17750"
"3101219","3101219990"
"3101226","3101226990"
"4610290","4610290990"
"4618269","4618269990"
"7053867","7053867993"
"70726-60113","70763-71413"
"70761-58212","70761-58512"
"1A7510-17950-12","1A7510-17950"
"1A7510-48630-12","1A7510-48630"
"198133-46662","198133-46662-49"
"198133-46682","198133-46682-49"
"1A7530-17640-12","1A7530-17640"
"8088327","8088327990"
"8085214","8085214993"
"183250-59800-YC","183250-59800"
"RP82D-68622","RP821-68622"
"RP82G-68632","RP821-68632"
"RP834-79611","RP831-79611"
"RP83D-79611","RP831-79611"
"1A7530-48640-12","1A7530-48640"
"70764-60154","70760-60154"
"1A7500-17670-12","1A7500-17670"
"1A7500-48650-12","1A7500-48650"
"1A7500-48670-12","1A7500-48670"
"8088394","8088394993"
"129946-66120-YG","129946-66120"
"69638FB200WL","69638FB200"
"174845-48900","174845-48900-49"
"198265-48120-49","198265-48120"
"118200-59810-YL","118200-59810"
"RB411-62122-20","RB411-07572"
"RP821-62121-21","RP821-07211"
"805132999302","8051329-02"
"198448-48170","198448-48170-49"
"198460-46360","198460-46360-49"
"114250-59800-YC","114250-59800"
"174520-63140","174520-63140-39"
"1A7720-48160-49","1A7720-48160"
"1A7450-48250","1A7450-48250-49"
"1A7450-48300","1A7450-48300-49"
"69661GC40BWL","69661GC40B"
"69638FM400WL","69638FM400"
"RB41D-68622","RB411-68622"
"1A7340-48900-12","1A7340-48900"
"1A7710-48130-49","1A7710-48130"
"RD55Y-64261","RD551-64261"
"RD45Y-64331","RD451-64331"
"RP321-62119-900A","RP321-07533"
"RD55Y-92441","RD551-92441"
"RD55Y-92672","RD558-92672"
"RD45R-92631","RD458-92631"
"RD55R-64261","RD551-64261"
"69642GB000WL","69642GB000"
"A52100450","A52100440"
"58065GL10AWL","58065GL10A"
"69611FK100WL","69611FK100"
"69630GJ30AWL","69630GJ30A"
"1A7540-17710-YA","1A7540-17710-12"
"RP84F-78651","RP841-78651"
"RD45P-64176","RD451-64176"
"RD45P-92431","RD451-92431"
"RD45P-92631","RD458-92631"
"RD55P-64261","RD551-64261"
"69250FL000WL","69250FL000"
"RD80P-64331","RD809-64331"
"RD35R-92973","RD358-92973"
"RD45C-79615","RD451-79615"
"RD80P-92332","RD809-92332"
"24881E12C20-001","24881-12C20-000"
"RP47A-79714","RP471-79714"
"RP82F-68622","RP821-68622"
"RD11R-92974","RD118-92973"
"129978-59120-C1","129978-59120"
"RP475-92762","RP471-92762"
"RP323-79122","RD411-79122"
"RC66C-79561","RC661-79561"
"362734C3","362734B3"
"RP47G-68643","RP471-68643"
"RP47C-68632","RP471-68632"
"RP67C-79713","RP671-79713"
"RD458-64261","RD451-64261"
"69661GC41BWL","69661GC41B"
"69350FK311WL","69350FK311"
"RC688-92331","RC681-92331"
"RD45A-92431","RD451-92431"
"RP473-68632","RP471-68632"
"RP843-68641","RP821-68641"
"69661GL10AWL","69661GL10A"
"RP47B-68622","RP471-68622"
"16930-93EZ0-000","16930-93E00-000"
"RD46A-64171","RD461-64171"
"RD46G-64171","RD461-64171"
"RC66B-79551","RC661-79551"
"RP32K-68611","RP321-68611"
"RP32K-68661","RP321-68661"
"RD55A-92432","RD551-92432"
"RD55J-92432","RD551-92432"
"RD55A-92342","RD551-92342"
"69611GN21AWL","69611GN21A"
"17270GN20AWL","17270GN20A"
"RD558-92332-KCW","RD551-92332-KCW"
"RP85J-68612","RP851-68612"
"H1540-72851","15451-72851"
"69655FK100WL","69655FK100"
"RD55P-92461","RD551-92441"
"RP47J-68643","RP471-68643"
"RP82J-68651","RP821-68651"
"1A8060-72650-C1","1A8060-72650"
"RP85J-79611","RP851-79611"
"RP85C-68611","RP851-68611"
"RP85C-79741","RP851-79741"
"RC63J-79141","RC631-79141"
"RC66J-79561","RC661-79561"
"R1431-51111-13","R1411-70133"
"RD82P-64331","RD809-64331"
"RB51P-92465","RB511-92445"
"RD45P-64186","RD451-64176"
"RP85K-64171","RP851-64171"
"RP85D-68651","RP851-68651"
"RP85A-92341","RP851-92341"
"RP85C-92341","RP851-92341"
"RP85G-92341","RP851-92341"
"RP85F-68661","RP851-68661"
"RP85G-92331","RP851-92331"
"RP85J-92331","RP851-92331"
"RC68D-92322","RC681-92322"
"RC68B-92332","RC681-92332"
"RC78B-64261","RC788-64261"
"RC78A-92331","RC781-92331"
"RC78J-79611","RC781-79611"
"RC688-64261","RC681-64261"
"RC68B-64171","RC681-64171"
"RC68A-64171","RC681-64171"
"RD511-64262","RD511-64262-KCW"
"RP853-79743","RP851-79743"
"RP85C-79743","RP851-79743"
"8115951XXXA001","8115951993"
"YD40002768A001","YD40002768993"
"8118620XXXA001","8118620993"
"8123086XXXA001","8123086993"
"9743262","9743262990"
"9753655","9753655990"
"4342164","4342164990"
"YD40002207A001","YD40002207993"
"YD40002296A001","YD40002296993"
"YD40002596","YD40002596990"
"8085013XXXA001","8085013993"
"8090572XXXA001","8090572993"
"4462351","4462351990"
"4487718","4487718990"
"4722416","4722416990"
"8100341XXXA001","8100341993"
"8101073","8101073990"
"8104704XXXA001","8104704993"
"RP47D-68613","RP471-68613"
"9773011XXXA001","9773011993"
"YD40000059A001","YD40000059993"
"YD40000141A001","YD40000141993"
"YD40000610A001","YD40000610993"
"8084024XXXA001","8084024993"
"8090684","8090684990"
"8098333XXXA001","8098333993"
"8103063XXXA001","8103063993"
"8106944XXXA001","8106944993"
"8108607XXXA001","8108607993"
"RD80T-92342","RD809-92342"
"8087303XXXA001","8087303993"
"8073384XXXA001","8073384993"
"8075840XXXA001","8075840993"
"8078205XXXA001","8078205993"
"R1431-62111-11A","R1411-07112"
"8105830XXXA001","8105830993"
"8108378XXXA001","8108378993"
"YD40001474A001","YD40001474993"
"YD40000744","YD40000744990"
"YD40001664A001","YD40001664993"
"YD40001829","YD40001829990"
"YD40002621A001","YD40002621993"
"YD40003218","YD40003218990"
"YD40005490","YD40005490990"
"8094805XXXA001","8094805993"
"6981B-AB221WL","6981B-AB221"
"6981C-AB201WL","6981C-AB201"
"RC78Y-92681","RC789-92681"
"RC78Y-92981","RC789-92981"
"RC788-92931","RC781-92331"
"8113333","8113333990"
"8117653XXXA001","8117653993"
"8117778XXXA001","8117778993"
"A16-03750-09","A16-03750"
"6981BAB231WL","6981BAB231"
"RP85C-79742","RP851-79742"
"RP85J-79742","RP851-79742"
"RP85K-79742","RP851-79742"
"5H945-1211-4-15","5H881-12118-15"
"8081381XXXA001","8081381993"
"1A8411-48300-1L","1A8411-48300-12"
"RP67F-92972","RP671-92972"
"8098308XXXA001","8098308993"
"8102268XXXA001","8102268993"
"V052S-77721","V0521-77721"
"V063S-77621","V0631-77621"
"9770486XXXA001","9770486993"
"8112615XXXA001","8112615993"
"YD40003578A001","YD40003578993"
"RC78S-64332","RC788-64332"
"RD55S-92663","RD558-92663"
"RD55T-92442","RD551-92442"
"RD55S-92342","RD551-92342"
"RD55S-92332","RD551-92332"
"RC61A-64265","RC611-64265"
"RC418-64265","RC411-64265"
"YD40000359A001","YD40000359993"
"YD40001036A001","YD40001036993"
"YD40001243A001","YD40001243993"
"YD40002316A001","YD40002316993"
"YD40003614A001","YD40003614993"
"YD40004898A001","YD40004898993"
"3095697","3095697990"
"7043383","7043383990"
"7044953","7044953990"
"9749754","9749754990"
"9752129XXXA001","9752129993"
"3872141920-1S","38721-4192-1S"
"3872141420-1S","38721-4142-1S"
"YD40002851A001","YD40002851993"
"YD40003842","YD40003842990"
"8112959XXXA001","8112959993"
"YD40004133A001","YD40004133993"
"YD40000854A001","YD40000854993"
"YD40003467A001","YD40003467993"
"RC69A-64171","RC691-64171"
"A16-11050-09","A16-11050"
"A16-09290-09","A16-09290"
"YD40007308A001","YD40007308"
"YD40007343A001","YD40007343"
"1E6E60-66180-8Z","1E6E60-66180"
"3877543460","38775-4346"
"YD40007151A001","YD40007151"
"62M1722151A001","62M172-21511"
"3873224570","38732-2457"
"YD40006691A001","YD40006691"
"62J17121520A001","62J171-21520"
"9771080XXXA001","9771080993"
"RD80Y-68881","RD809-68881"
"PK201-42263","PK401-42262"
"RP473-68644","RP471-68644"
"RP475-68644","RP471-68644"
"RP47A-68614","RP471-68614"
"RP47C-68614","RP471-68614"
"RP47F-68614","RP471-68614"
"8117712XXXA001","8117712993"
"RB56B-68811","RB561-68811"
"RB56C-68811","RB561-68811"
"RB46C-79611","RB461-79611"
"RB46G-79611","RB461-79611"
"3873222420","38732-2242"
"62J6111312","62J6111312_0010-0010"
"YD00011191A001","YD00011191"
"RD57T-92661","RD579-92661"
"3873220670","38732-2067"
"RB46B-92441","RB461-92441"
"RB46C-92441","RB461-92441"
"RB46D-92441","RB461-92441"
"9751537XXXA001","9751537993"
"YD40005096A001","YD40005096"
"YD40005961A001","YD40005961"
"8093842","8093842993"
"62J1712153A001","62J171-21530"
"3875222960","38752-2296"
"YD40000609_0010-0010","YD40000609993"
"119515-59581-YQ","119515-59581"
"198448-04250-TL","198448-04250"
"4705921","4705921990"
"YD40007317A001","YD00013927"
"YD40006648A001","YD40006648"
"RC78T-92323","RC789-92323"
"YD40007133A001","YD40007133"
"5H945-1211-5-15","5H881-12118-15"
"RP32B-68621","RP321-68621"
"RP32D-68631","RP321-68631"
"RP32G-68611","RP321-68611"
"RP32G-68621","RP321-68621"
"A40400010","4660007004001"
"RD80W-68871","RD809-68871"
"67148-36173","67156-36173"
"198149-48251","198149-48251-49"
"123912-39900-C1","123912-39900"
"127677-39310-3","127677-39310"
"127677-39310-YA","127677-39310"
"RP437-79713","RP431-79713"
"RP43A-79612","RP431-79612"
"RP43B-79612","RP431-79612"
"RP43B-79762","RP431-79762"
"RP43D-79761","RP431-79761"
"RP46B-79411","RP461-79411"
"RP46C-79663","RP461-79663"
"198240-48370","198240-48370-93"
"198129-48550","198129-48550-49"
"RB513-92434","RB511-92434"
"RB513-92445","RB511-92445"
"RD412-09531","RD411-64331"
"RB51R-92435","RB511-92435"
"198200-48110-49","198200-48110"
"198206-49100-49","198206-49100"
"198220-48370-F","198220-48370-93"
"RD41A-92442","RD411-92442"
"1A7260-48110-49","1A7260-48110"
"1A7290-49230-49","1A7290-49230"
"1A7340-48300-49","1A7340-48300"
"RC66A-79561","RC661-79561"
"69171-95284","69181-95284"
"RD558-92332","RD551-92332"
"RD55R-92981","RD558-92981"
"T46600302","4660007006000"
"RP827-68632","RP821-68632"
"RP82C-68622","RP821-68622"
"RP82C-68632","RP821-68632"
"RP82C-68651","RP821-68651"
"RP82C-79711","RP821-79711"
"RA011-44191","69191-44191"
"RD41D-92442","RD411-92442"
"RD41R-92442","RD411-92442"
"RD434-79121","RD411-79121"
"RD434-79711","RD431-79711"
"RD43A-79611","RD431-79611"
"RD43D-79611","RD431-79611"
"1A7640-48640-49","1A7640-48640"
"RD80R-64331","RD809-64331"
"RP62A-68631","RP621-68631"
"RP62F-68611","RP621-68611"
"RP62F-68631","RP621-68631"
"RP62G-68631","RP621-68631"
"RP62G-68662","RP621-68662"
"RP647-68652","RP621-68652"
"6C222-93121","6C200-93121"
"PJ103-75411","PJ404-75412"
"PJ202-75521","PA505-75521"
"1A7750-48070","1A7750-48070-49"
"RA902-92432","RA211-92432"
"RA904-68821","RA211-68821"
"15855-33731","RD118-07122"
"RB413-68622","RB411-68622"
"RB41C-92444","RB411-92444"
"69638FC205WL","69638FC205"
"69638FC300WL","69638FC300"
"5H276-77153","5H215-77153"
"R1303-62144","68847-62144"
"69638FK402WL","69638FK402"
"198253-46420-93","198253-46420"
"RP84G-79741","RP841-79741"
"3104967","3104967990"
"4618209","4618209990"
"4618210","4618210990"
"7047014","7047014993"
"8098346","8098346990"
"PM04142X0","55384-35401"
"198220-48310","198220-48310-93"
"198121-04750-C1","198121-04750"
"RD45G-92441","RD451-92441"
"RD45G-64261","RD451-64261"
"RD558-92432","RD551-92432"
"198460-46400","198460-46400-49"
"RP82D-68651","RP821-68651"
"RP82D-68662","RP821-68662"
"RP82D-79711","RP821-79711"
"RP83C-79612","RP831-79612"
"RP83D-79612","RP831-79612"
"1A7530-48620-12","1A7530-48620"
"69638GL10AWL","69638GL10A"
"1A7500-17660-12","1A7500-17660"
"1A7510-17670-12","1A7510-17670"
"194765-46571","194765-46571-49"
"194765-46681","194765-46681-49"
"194765-48310","194765-48310-49"
"194765-48411","194765-48411-49"
"198448-48382","198448-48382-49"
"69638FB700WL","69638FB700"
"1A7730-48160-49","1A7730-48160"
"1A7450-48350","1A7450-48350-49"
"69631GC30BWL","69631GC30B"
"194765-46410","194765-46410-49"
"174810-46680-49","174810-46680"
"1A7340-48690-49","1A7340-48690"
"198448-17710","198448-17710-49"
"69638GH15AWL","69638GH15A"
"69638GH17AWL","69638GH17A"
"49456GC00AWL","49456GC00A"
"69631GJ30AWL","69631GJ30A"
"69631GL10AWL","69631GL10A"
"RD55R-92431","RD551-92431"
"21623GE00BWL","21623GE00B"
"243406K260WL","243406K260"
"5K262-11652","53696-11654"
"1744-508-520-0","1744-508-230-2D"
"1744-508-510-0","1744-508-220-0C"
"194765-17730","194765-17730-49"
"69638GL11CWL","69638GL11C"
"69638GL13AWL","69638GL13A"
"RD451-62114-270A","RD451-07583"
"RD431-62115-600","RD118-07551"
"69350GL00BWL","69350GL00B"
"69351GL10AWL","69351GL10A"
"RP323-68621","RP321-68621"
"RB443-92434","RB411-92434"
"3C774-82751","3C794-82752"
"1A7540-17670-YA","1A7540-17670-12"
"1A7540-48110-YA","1A7540-48110-12"
"RP84A-78651","RP841-78651"
"RP84C-78651","RP841-78651"
"RD45P-92332","RD451-92332"
"69250FL007WL","69250FL007"
"RB41P-68622","RB411-68622"
"RD80P-64341","RD809-64341"
"69661GL11AWL","69661GL11A"
"RP47A-68643","RP471-68643"
"RD458-79614","RD451-79614"
"RB41R-68813","RB411-68812"
"RD556-92971","RD551-92971"
"11235-73G61-000","11235-73G61-10"
"RP475-68613","RP471-68613"
"362786D4","362786C4"
"RP47B-68632","RP471-68632"
"RP47C-68622","RP471-68622"
"RP67B-79713","RP671-79713"
"RP67F-79713","RP671-79713"
"RP323-68611","RP321-68611"
"RD458-64173","RD451-64173"
"17504FC301WL","17504FC301"
"RC68J-92321","RC681-92321"
"RP32F-68621","RP321-68621"
"RD45B-92332","RD451-92332"
"RD45B-64175","RD451-64175"
"RD45A-64261","RD451-64261"
"RD45D-92332","RD451-92332"
"RP843-68632","RP821-68632"
"RP82F-68612","RP821-68612"
"RD45R-79614","RD451-79614"
"362745C3","362745B3"
"69181-513211","69181-51321"
"RD46J-64171","RD461-64171"
"69744GN50AWL","69744GN50A"
"RP32K-68621","RP321-68621"
"RB41J-92444","RB411-92444"
"1J575-17321","1J574-17324"
"RD55B-92432","RD551-92432"
"RD55J-64261","RD551-64261"
"RD55B-92431","RD551-92431"
"RD55D-92431","RD551-92431"
"RD55A-92441","RD551-92441"
"69250GN00AWL","69250GN00A"
"RD558-92432-KCW","RD551-92432-KCW"
"RP85C-64371","RP851-64371"
"RP85K-64371","RP851-64371"
"RP84B-78651","RP841-78651"
"RD55P-92432","RD551-92432"
"RP47K-79714","RP471-79714"
"RD55P-92682","RD558-92662"
"RD55P-92362","RD551-92342"
"58065GL10CWL","58065GL10C"
"370590B3","370590A3"
"RP82J-68622","RP821-68622"
"RP85G-68611","RP851-68611"
"RP853-79741","RP851-79741"
"50595-26141","50592-26142"
"R1431-62111-70","R1411-07534"
"RD45P-92641","RD458-92631"
"119171-59900","119171-59900-3"
"RP82K-68651","RP821-68651"
"129693-03020","129693-03020-3"
"371241A3","A371241A3"
"RP85J-64631","RP851-64631"
"RP853-68651","RP851-68651"
"RP85G-68621","RP851-68621"
"RP85J-64641","RP851-64641"
"RP853-92331","RP851-92331"
"RC78J-64171","RC788-64171"
"RC78B-92331","RC781-92331"
"RC68A-64261","RC681-64261"
"RC688-64331","RC681-64331"
"344210600","344210550-A"
"RD45J-64331","RD451-64331"
"129001-11340","129001-11340-C1"
"362794B3","362794A3"
"8124338XXXA001","8124338993"
"9751372XXXA001","9751372993"
"4439643","4439643990"
"YD40002398A001","YD40002398993"
"YD40002585A001","YD40002585993"
"YD40002687A001","YD40002687993"
"YD40002700A001","YD40002700993"
"YD40002703A001","YD40002703993"
"9766228","9766228990"
"8084021XXXA001","8084021993"
"8095063XXXA001","8095063993"
"8081435","8081435990"
"8090574XXXA001","8090574993"
"8090576XXXA001","8090576993"
"8092633XXXA001","8092633993"
"8093841XXXA001","8093841993"
"9290411XXXA001","9290411993"
"8117986XXXA001","8117986993"
"4460238","4460238990"
"4460239","4460239990"
"8098604XXXA001","8098604993"
"8101788XXXA001","8101788993"
"8102573XXXA001","8102573993"
"8104720XXXA001","8104720993"
"8104721XXXA001","8104721993"
"YD00002527","YD00002527990"
"YD00003218","YD00003218990"
"YD40000695","YD40000695990"
"8106945XXXA001","8106945993"
"8108662XXXA001","8108662993"
"V063S-77511","V0631-77511"
"YD40003844","YD40003844990"
"8074091XXXA001","8074091993"
"8077312XXXA001","8077312993"
"8077349XXXA001","8077349993"
"8077352XXXA001","8077352993"
"R1431-62111-9A","R1411-07092"
"9753258XXXA001","9753258993"
"8104070XXXA001","8104070993"
"8106943XXXA001","8106943993"
"8106521XXXA001","8106521993"
"YD40001054A001","YD40001054993"
"YD40001665A001","YD40001665993"
"YD40002593","YD40002593990"
"8088689XXXA001","8088689993"
"8097180XXXA001","8097180993"
"8098282XXXA001","8098282993"
"8098298XXXA001","8098298993"
"YA-04-46-PB","129055-49300"
"RC78Y-64332","RC788-64332"
"RC78T-92331","RC789-92331"
"8112689XXXA001","8112689993"
"8112892XXXA001","8112892993"
"8114114XXXA001","8114114993"
"RC788-92471","RC781-92471"
"6925B-AB201WL","6925B-AB201"
"6925C-AB201WL","6925C-AB201"
"8118616XXXA001","8118616993"
"9743265XXXA001","9743265993"
"PM04142-X1","55384-35401"
"6963AAB201WL","6963AAB201"
"YD40003653A001","YD40003653993"
"8075913","8075913990"
"RP67K-92972","RP671-92972"
"RB46G-45261","RB461-45261"
"8113529XXXA001","8113529993"
"187A19-56510-3C","187A19-56510"
"8088394XXXA001","8088394993"
"8098433XXXA001","8098433993"
"8105418XXXA001","8105418993"
"8105421XXXA001","8105421993"
"V052S-77521","V0521-77521"
"V063S-77721","V0631-77721"
"8088710","8088710990"
"YD40002854A001","YD40002854993"
"YD40003216A001","YD40003216993"
"YD40003423A001","YD40003423993"
"YD40003451A001","YD40003451993"
"R1431-51111-8A","R1411-70082"
"R1431-62111-70A","R1411-07534"
"RD35S-92983","RD358-92983"
"RC78S-92331","RC788-92331"
"RC78S-92321","RC788-92321"
"RD80S-64341","RD809-64341"
"5H945-1211-3-15","5H881-12118-15"
"5H945-1211-3-19","5H881-12119-19"
"69644GN00BWL","69644GN00B"
"YD40002294A001","YD40002294993"
"YD40002673A001","YD40002673993"
"YD40003446A001","YD40003446993"
"YD40003447A001","YD40003447993"
"YD40003448A001","YD40003448993"
"7042088XXXA001","7042088993"
"9750349","9750349990"
"YD40002852A001","YD40002852993"
"YD40003785A001","YD40003785993"
"YD40004273A001","YD40004273993"
"YD40004275A001","YD40004275993"
"YD40004529A001","YD40004529993"
"YD40003468A001","YD40003468993"
"YD40004736A001","YD40004736993"
"8118518XXXA001","8118518993"
"8112696XXXA001","8112696993"
"YD40007381A001","YD40007381"
"YD40007312A001","YD40007312"
"YD40007313A001","YD40007313"
"YD40000610","YD40000610993"
"RC68C-92471","RC681-92471"
"YD40007288A001","YD40007288"
"5H945-1211-5-19","5H881-12119-19"
"3873224580","38732-2458"
"3873231570","38732-3157"
"YD40003713A001","YD40003713993"
"RP47G-68614","RP471-68614"
"RP47K-68614","RP471-68614"
"32741-3972-4-06","32741-39781"
"YA40057717A001","YA40057717"
"A52100381","A52100391"
"A52100401","A52100411"
"YD40006016_0010-0010","YD40006016"
"RB46J-68621","RB461-68621"
"YD40006755A001","YD40006755"
"129C01-39450-YQ","129C01-39450"
"YD00013927A001","YD00013927"
"YD40006607A001","YD40006607"
"RB46A-79611","RB461-79611"
"RB46A-79921","RB461-79921"
"RB46J-79611","RB461-79611"
"YD40006769A001","YD40006769"
"RD57Y-92671","RD579-92671"
"RD57T-92671","RD579-92671"
"RD57S-92671","RD579-92671"
"YD40002296","YD40002296_0010-0010"
"YD40002148","YD40002148_0010-0010"
"YD40001700_0010-0010","YD40001700993"
"YD40002294_0010-0010","YD40002294993"
"62J1712152A001","62J171-21520"
"RC78Y-64361","RC789-64361"
"62J17121530","62J171-21530"
"1C7720-02300-1L","1C7720-02300"
"YD40006643A001","YD40006643"
"RC78S-92332","RC788-92332"
"YD40007162A001","YD40007162"
